-0.913997,0.389434,-0.915089,0.489733,-0.670081,-0.958978,0.861472,0.371899,0.481453,0.704208,1.092946
0.379032,-0.861951,0.396279,-0.326533,0.329637,0.703319,-0.392034,0.179873,-0.630541,-0.262546,-0.827870
-0.644699,0.143027,0.053542,0.552877,-0.141627,0.896250,0.132899,-0.676461,0.858015,-0.749512,-1.458977
0.465983,-0.582050,-0.709199,0.456130,0.620192,-0.523299,-0.783916,0.131453,-0.314263,-0.993707,-0.665627
0.974198,-0.628136,0.824188,-0.800733,0.951336,-0.213419,-0.429716,0.637311,0.401760,-0.047529,-0.310226
0.395968,0.969982,-0.129443,-0.097860,0.955822,-0.153961,-0.312667,-0.847308,0.182465,-0.076355,-0.339001
-0.779555,-0.571244,-0.825194,0.307826,-0.316635,0.886001,0.799097,0.976954,-0.541864,-0.235910,0.258908
0.569987,0.592870,0.117014,-0.666205,0.415310,-0.190101,-0.480973,-0.027653,0.654709,0.912455,-0.700655
0.704530,0.256664,0.425564,0.334888,0.511742,-0.212125,0.172028,0.700039,-0.925017,-0.670525,-1.613061
0.949599,-0.776738,0.223276,-0.080396,0.877523,-0.113232,-0.790344,-0.387979,-0.420029,0.714630,-0.960540
0.803653,0.146693,0.235208,0.528768,0.616049,0.608733,0.788100,0.688080,0.005135,-0.731816,-0.527981
0.730372,0.413786,-0.474347,-0.470835,-0.540990,0.897242,-0.454333,-0.931368,-0.811879,0.543588,-1.616212
0.251084,0.363002,0.776749,0.678720,-0.540699,-0.451876,0.688288,0.176027,-0.647162,-0.982914,-1.964363
0.154922,-0.450870,0.622928,0.523494,-0.782911,0.429974,-0.843626,0.915060,0.992467,0.879852,-2.012701
0.489462,0.935631,0.774378,-0.718646,-0.161349,-0.299340,0.227300,0.367577,0.338493,0.648594,0.067206
-0.798353,-0.603214,-0.842140,0.894811,-0.874478,0.125769,-0.961553,0.881840,-0.195766,0.151005,-1.072045
-0.183745,-0.009351,-0.360469,0.173632,-0.608280,0.352055,-0.014438,0.684096,-0.396475,-0.912381,-1.157109
-0.197253,-0.991688,-0.103528,-0.874627,-0.260055,-0.107497,0.434481,0.578115,0.561280,0.291241,2.275316
0.296005,0.092994,0.350225,-0.882516,-0.797652,0.878318,-0.245178,0.601957,-0.706837,-0.562952,-0.758518
-0.792057,0.887974,-0.022358,-0.975734,0.386791,-0.956793,-0.522136,0.355137,0.404481,0.407079,1.031329
0.035936,-0.298374,-0.093048,-0.167106,0.451179,-0.710759,0.257551,-0.676880,-0.080680,0.582740,1.810369
-0.774226,0.669712,-0.907964,0.760821,-0.393891,-0.564100,0.937689,0.496915,-0.455210,0.111322,-1.625062
0.446252,-0.347429,-0.569374,-0.824691,0.243602,-0.113811,0.251271,0.800446,-0.373968,-0.509167,1.369851
-0.982670,0.694211,0.474274,-0.869749,0.617817,-0.136087,-0.212930,-0.363566,-0.183298,-0.499317,0.830725
0.166321,0.738755,-0.194839,0.106449,0.371157,0.645860,0.621131,0.214909,0.132359,-0.523095,0.335592
0.413913,-0.161691,-0.843538,-0.565082,0.998247,0.995711,-0.511553,0.397280,0.782343,-0.836177,0.339137
-0.434363,0.501823,0.441990,-0.561939,0.332480,-0.450320,0.992348,-0.857750,-0.382979,0.738085,0.948312
-0.317645,0.579477,-0.608158,-0.837381,-0.447493,-0.367899,-0.011758,0.417059,0.112051,0.935669,1.198996
0.114280,0.194242,0.776099,-0.188790,-0.932097,0.741675,0.092505,-0.675071,-0.496023,0.372800,-2.064326
0.956489,-0.342280,0.624042,-0.307684,0.009407,0.628847,-0.079652,0.173956,-0.028190,-0.444979,-0.048972
0.554174,0.687401,0.552715,0.432226,0.602403,-0.412573,0.568940,0.932446,0.407687,-0.317954,-1.067615
-0.552065,-0.541965,0.992067,-0.637182,-0.532626,0.505969,-0.937773,0.435937,-0.447501,-0.142544,-1.522509
0.822654,-0.585236,0.895260,0.388274,-0.144345,0.759637,0.709508,-0.901921,-0.890551,-0.173806,0.366264
0.207555,-0.904619,-0.146641,-0.981469,0.007789,0.695116,-0.643156,-0.172939,0.866766,-0.429883,0.851845
-0.445757,-0.437347,0.516949,-0.368308,0.552574,-0.713619,0.412694,-0.010677,-0.140582,0.676224,1.193427
-0.671640,-0.202063,-0.736290,-0.530646,-0.321168,0.810698,-0.070152,0.120505,-0.088756,-0.741733,0.652473
-0.187286,-0.352487,0.243767,-0.467036,0.657445,-0.919316,0.560895,0.470350,0.261065,-0.772222,0.985184
0.702004,-0.036359,-0.859968,0.252834,0.881231,0.787828,0.549977,0.307820,0.420287,-0.463462,0.529147
0.298375,-0.494795,-0.852718,0.108244,-0.803660,0.567541,-0.783113,-0.564052,-0.480318,-0.508316,-0.719954
-0.873562,-0.493057,-0.890094,-0.221527,0.604409,-0.130555,0.410043,0.493479,-0.293750,0.289594,0.973785
-0.148276,0.914262,-0.390176,0.848496,0.103552,0.129566,-0.963743,-0.156091,-0.209909,0.846204,-0.370802
-0.627825,0.933806,0.058671,-0.228518,-0.085997,0.817986,0.954373,-0.620170,0.638515,-0.324413,-0.102662
-0.364762,0.031001,-0.625680,0.579001,-0.052693,0.152554,0.128793,0.988391,-0.508002,0.404243,-1.236878
-0.807700,-0.378893,-0.355970,-0.360845,0.773788,0.845574,-0.839253,0.528520,0.292649,0.448629,1.053337
0.610009,0.964484,-0.552997,0.256904,-0.301755,0.756300,0.623244,0.103498,-0.269946,-0.296553,-0.304082
0.039857,-0.252376,-0.747261,0.704857,-0.955176,0.156690,0.166313,0.473072,0.900673,0.709464,0.178257
0.292146,-0.520127,0.958405,0.754087,-0.936061,-0.031291,0.254978,0.404753,0.582528,-0.803557,-0.844594
0.492359,-0.433953,-0.405621,0.321697,-0.371590,0.467888,0.302833,-0.355805,-0.569637,0.416972,-0.315976
0.670295,-0.757501,-0.810071,-0.413530,0.718092,-0.698945,0.262128,-0.019251,0.188926,-0.068122,2.999661
-0.359844,0.667014,0.726403,0.526195,0.297520,-0.843345,0.892812,-0.070981,0.947466,0.873839,0.311958
-0.204586,0.850116,0.090754,0.350527,-0.697278,-0.321043,-0.066213,-0.421639,-0.396116,-0.136225,-0.846552
-0.322074,-0.643072,0.177251,0.151992,-0.660890,-0.758116,0.265052,-0.002014,-0.687381,-0.670738,-0.373368
-0.070326,-0.170436,0.680900,0.209663,-0.271363,-0.983486,-0.230176,-0.391188,-0.709755,-0.863998,-0.780518
-0.900611,0.563656,-0.002401,0.058333,0.337367,-0.057949,0.022930,0.502655,-0.172538,-0.118194,-0.313599
0.984968,-0.642329,0.236707,-0.106581,0.540427,-0.144234,0.712246,-0.658152,0.689446,0.177681,2.244891
-0.626478,0.389448,0.416795,0.959060,-0.129853,0.988400,0.612090,0.103254,0.521734,-0.001867,-1.575339
-0.387886,0.399834,0.226586,-0.481655,-0.036393,-0.559888,-0.819332,-0.838560,-0.153870,-0.025474,0.271289
-0.078716,-0.274237,-0.691210,0.870874,0.673118,-0.682648,0.193232,0.997984,0.929055,-0.292805,0.274946
-0.777743,0.374878,0.537090,-0.893410,-0.294954,0.146666,0.063325,0.969090,0.006596,-0.499961,0.014956
-0.170719,0.800730,0.058435,-0.371955,-0.911920,-0.880653,-0.280614,0.798396,-0.241205,-0.674505,-1.434401
-0.959593,0.207139,0.732717,0.550353,0.713744,0.673581,-0.597922,0.638063,0.433623,-0.259421,-1.876432
-0.561072,0.013728,-0.096924,0.599716,0.876070,0.956790,0.853141,0.791696,-0.401970,0.701657,-1.164954
-0.216927,-0.872833,-0.638568,0.370266,-0.320937,-0.895272,-0.191935,0.690142,-0.696061,0.427795,0.279627
-0.956133,0.792187,0.244365,0.221190,0.910794,-0.363467,0.623786,0.675786,0.896599,-0.716453,-0.019923
0.255489,0.422004,0.389893,-0.131061,-0.640513,-0.321771,0.136544,0.174386,-0.738863,0.253807,-1.006995
-0.730821,0.999733,-0.781764,0.488084,-0.566294,0.312252,0.183952,-0.888740,-0.131154,0.567071,-1.236029
-0.318089,-0.044004,0.604076,0.623698,0.668535,-0.994109,-0.409128,0.185327,0.899990,0.842510,-0.103396
-0.760129,0.191179,-0.925721,-0.379086,0.061340,0.566513,0.330733,0.517710,-0.173350,0.286051,0.777323
0.933786,0.445579,0.385415,-0.462587,0.085475,0.315056,0.547907,-0.295184,-0.533273,0.471390,-0.401561
0.591846,-0.377092,0.358420,-0.125291,-0.294014,-0.014797,0.246035,-0.412169,0.600828,-0.905736,-0.650129
-0.905700,0.847213,0.377236,0.905730,0.198014,-0.962833,-0.665450,-0.985025,0.748659,0.843998,-0.214940
-0.033362,-0.931608,-0.219829,-0.105825,-0.593137,0.761662,-0.086383,0.414548,-0.005707,0.692112,-0.170463
0.314938,-0.674754,-0.071205,-0.170782,0.572244,0.146358,-0.247864,0.783695,0.336447,0.236603,1.128417
0.616141,0.694699,0.687580,0.590449,0.355230,0.258333,-0.865727,0.761331,-0.307694,0.817563,-2.718104
-0.625650,0.424462,-0.334553,0.851803,-0.830473,-0.883077,0.518361,0.850462,-0.788757,0.540437,0.306651
0.474218,-0.545355,-0.502928,-0.318296,-0.152207,-0.996776,0.537394,-0.046128,-0.188048,-0.627014,2.134577
-0.316310,0.580845,0.832197,0.914787,0.932762,-0.537553,0.902746,0.827630,0.874040,-0.505806,-0.242314
0.639682,-0.387651,-0.729808,0.095038,-0.487991,0.427831,0.133904,-0.438718,-0.869283,0.191665,1.607285
-0.720488,0.384045,-0.741576,-0.220726,-0.185166,-0.763893,-0.985699,0.597829,0.924516,0.770527,-0.164953
0.805353,-0.483919,-0.634008,0.967983,0.023582,0.363240,-0.156278,0.731398,0.731408,-0.762431,-1.323457
-0.700131,0.743003,-0.460201,0.934417,0.146492,0.456270,-0.049534,-0.470459,0.909840,-0.335917,-0.509143
-0.990609,-0.102700,-0.994331,0.924810,0.675885,-0.870802,0.924842,-0.167018,-0.334264,-0.255043,0.497790
-0.137343,-0.928804,-0.306906,-0.963734,-0.957165,0.347860,-0.290502,0.607778,0.895645,-0.839451,1.173347
0.870097,0.283995,-0.994598,0.065833,0.503260,0.893647,0.088425,0.130496,-0.593124,0.455070,0.337352
0.917408,-0.618725,-0.872999,0.674563,-0.253481,0.027766,-0.730472,0.239327,-0.670809,-0.109930,0.128127
0.846309,0.679942,-0.120083,-0.507034,-0.236936,0.931474,-0.307906,-0.182174,0.441615,0.858138,-0.198559
-0.465030,-0.830826,-0.035769,-0.605458,-0.496766,0.696697,-0.439971,-0.807924,-0.565019,0.656439,0.274748
0.669185,0.753825,-0.696826,-0.403788,0.465751,0.722288,0.020001,-0.572141,0.289824,0.778536,-0.052105
-0.759752,-0.031914,-0.925624,-0.288347,0.334587,0.994558,0.980706,-0.399021,-0.893777,-0.485705,2.039173
-0.581699,0.935255,-0.341783,-0.396997,0.580531,-0.426917,-0.404515,0.778590,0.183676,0.123840,-0.531894
-0.710401,0.885623,-0.347577,0.858948,-0.171003,-0.654528,0.044232,0.673190,0.085211,0.287980,0.015630
-0.434406,-0.299968,0.689795,-0.514239,0.608089,-0.976484,-0.577965,-0.543864,-0.088671,0.703736,0.583513
0.651430,0.832175,-0.891645,0.656588,0.403728,0.404059,0.873343,0.958893,0.617907,-0.873781,0.079756
0.229962,-0.915546,-0.722288,0.038620,0.958014,0.899164,-0.787575,-0.778865,0.584030,-0.188882,0.889465
-0.446938,-0.793746,0.358954,-0.224127,-0.151315,-0.474272,-0.174525,-0.397513,0.927044,0.607048,0.447354
0.812036,-0.519860,-0.464439,0.758279,-0.305350,0.482433,-0.783028,-0.105268,0.595102,-0.338533,-0.993351
-0.024064,0.710140,-0.619291,0.511795,0.871577,-0.871890,0.802391,0.597662,-0.780467,0.401333,-0.294910
-0.496705,0.062002,-0.047243,0.620738,0.699557,-0.127028,0.812962,0.184709,-0.379555,-0.024727,-0.108144
-0.947222,0.831977,0.962324,0.500797,0.582709,-0.100366,0.706006,0.557786,-0.612118,0.948629,-1.523063
-0.607190,0.641469,0.120818,-0.726292,-0.688451,-0.591977,0.873566,-0.914890,-0.605009,0.871274,2.172521
-0.344638,-0.220705,-0.497602,-0.252910,0.833421,0.498189,0.546570,-0.378152,0.877384,0.118457,1.715469
0.897779,-0.025075,-0.349972,0.952293,0.858473,0.747447,0.694557,-0.481728,0.537870,-0.921790,-0.314004
-0.249524,-0.693066,-0.082213,0.213971,-0.934504,0.921164,0.126988,0.634107,-0.521729,0.337144,-0.472868
0.726179,-0.585421,0.626222,0.517011,-0.508303,0.553461,-0.613685,-0.046174,-0.149498,0.035614,-2.573749
-0.966056,0.030602,-0.654466,-0.073059,0.372809,0.112811,-0.706790,-0.120831,0.233204,-0.952942,1.285992
-0.392270,-0.526569,-0.053999,-0.556143,-0.735814,0.797211,-0.387864,-0.662891,0.118669,0.837385,1.639848
0.784815,0.669874,-0.633694,0.491881,0.310715,0.676931,0.790603,0.817354,0.330113,0.152425,-0.344185
0.898371,0.954440,0.979385,-0.539589,0.274074,-0.279302,0.432772,0.785171,0.232294,-0.706820,-0.222864
-0.086930,0.841881,-0.212247,0.056180,0.540062,-0.365146,0.381664,-0.534105,-0.541646,0.001992,0.759300
-0.937890,0.957781,0.402202,-0.420528,-0.241120,-0.844495,-0.081297,-0.089421,0.983045,0.317788,0.132819
0.320289,0.740612,0.498206,0.819326,-0.167424,0.461290,-0.569153,0.353685,0.612153,-0.535166,-1.107645
0.617258,0.775700,0.343577,0.264562,0.708418,0.987110,0.956467,-0.884761,-0.486526,-0.599846,-0.515931
-0.379177,-0.125076,0.517283,0.479962,0.511496,-0.713847,0.699278,0.180138,-0.760311,-0.263593,-1.303768
-0.512939,-0.344603,-0.736344,-0.253156,0.663771,0.944769,0.042717,0.277450,-0.176865,0.414374,0.604745
-0.043172,0.369628,-0.143536,0.483482,0.835694,-0.364774,0.278696,0.725546,-0.415021,0.709329,0.066931
-0.159336,-0.239576,-0.352778,-0.723735,0.653776,0.028293,0.936539,-0.338631,0.248783,-0.028372,1.767525
0.722959,0.346380,0.914111,-0.362691,0.694986,0.925700,0.930874,0.450872,0.423290,0.039110,1.191395
0.063500,0.507461,-0.750281,0.647834,-0.909772,-0.107562,0.197565,-0.295218,-0.020461,0.109340,0.398868
-0.925271,-0.953541,0.068227,0.981801,-0.686434,0.953152,0.833978,-0.829653,-0.250286,-0.597130,0.026958
-0.601300,0.653395,0.922482,0.563463,-0.831272,-0.963281,-0.941225,-0.145789,0.198283,0.771641,-1.735411
0.205524,-0.354134,0.005056,0.904108,0.990349,0.742212,-0.986863,0.138167,0.707695,-0.608762,-2.018261
0.710475,-0.849271,0.663278,-0.035083,0.786783,0.771486,-0.409099,0.492957,-0.406206,0.382143,-1.613184
0.550677,-0.106556,0.278621,-0.164307,-0.001882,0.499660,-0.122391,-0.722240,0.931403,0.216085,-0.674893
-0.086229,0.722244,0.534992,-0.722297,0.192098,0.651079,0.105830,-0.484593,0.803039,-0.036218,-0.601149
0.650767,-0.403904,0.726591,0.139032,0.736438,0.634903,-0.995073,0.347383,0.408670,-0.387010,-1.740092
-0.502635,0.340800,0.145250,0.641943,0.241454,0.569896,-0.872182,0.196602,-0.707298,0.336617,-1.612853
0.556036,-0.240972,-0.926194,0.064346,-0.550617,-0.370411,-0.075471,-0.412296,-0.480234,-0.829783,0.679207
0.138073,0.880801,0.096184,0.042901,-0.742286,0.296894,-0.735376,-0.640808,-0.893513,-0.173853,-1.470573
-0.959787,0.221386,0.820943,-0.839431,-0.683984,0.787171,0.230544,-0.641338,0.765248,0.487621,0.456947
-0.453760,0.553312,0.810528,-0.738501,0.235099,-0.187584,0.632984,-0.417874,0.970068,0.298383,1.719667
0.138568,0.037320,0.180205,0.875514,-0.430389,-0.172481,0.233161,0.777121,-0.819146,0.655902,-1.854292
0.131804,0.302483,-0.211404,0.444656,-0.496127,-0.744036,0.018525,0.156927,0.202234,0.159892,0.219519
-0.999169,0.201771,0.342342,0.216217,-0.015257,0.658734,-0.886846,-0.762812,-0.564515,-0.979137,-1.860358
-0.995800,-0.282513,-0.977089,0.140172,0.657975,-0.433128,-0.301301,-0.363236,0.563551,0.774392,1.875200
-0.664301,0.050195,-0.810835,-0.430821,-0.098530,0.276791,0.760880,0.440164,0.942356,0.417274,2.306825
-0.110905,-0.901676,0.268985,0.344011,0.892913,0.563550,-0.818513,0.411948,0.756735,0.613621,-0.340645
-0.862790,-0.417965,-0.272815,0.731244,-0.858402,-0.473619,-0.823518,0.020741,0.225966,-0.604555,-0.034728
0.125436,-0.576157,-0.591589,-0.453240,-0.056406,0.675979,0.507640,0.437062,0.470003,-0.996158,0.080843
-0.698175,-0.754523,0.069171,-0.653474,0.172914,0.544696,0.976021,-0.346592,0.444578,0.233729,1.989933
0.309069,-0.715292,0.586659,0.837500,0.305121,0.848647,-0.728447,0.525296,0.601292,-0.589747,-1.322073
-0.490933,0.335164,0.025287,0.307123,-0.472892,-0.564422,0.916835,0.359402,0.363619,-0.002183,0.900497
0.580119,0.914189,0.151612,0.737502,-0.992711,-0.551716,-0.435014,-0.443301,0.998127,0.468471,-0.357484
0.578935,0.124121,0.896069,0.899034,-0.718393,0.562548,-0.194489,0.614729,-0.053592,0.769250,-0.776173
-0.616647,-0.730412,-0.660771,0.125076,-0.662715,-0.977492,0.452092,0.582987,0.322208,-0.795823,1.738669
0.760895,0.458372,-0.795104,0.950186,-0.868905,0.092835,0.535212,-0.431265,0.461459,-0.195858,-0.237660
-0.853254,0.185682,0.455678,-0.767059,-0.180355,0.897072,-0.218914,0.622450,0.426437,-0.955353,-0.364076
-0.349218,-0.373437,0.173100,0.651534,-0.425067,0.028751,-0.113816,-0.738905,-0.752488,-0.273662,-2.010515
-0.484154,0.969252,0.643375,-0.706443,-0.705859,0.936060,0.227744,-0.725338,-0.244451,-0.894184,-2.156399
-0.075639,0.767609,0.505403,-0.398187,-0.644114,-0.091668,0.508377,0.987140,0.063099,0.765007,-0.297196
0.606048,-0.318056,-0.708344,-0.348045,0.111591,0.863450,-0.130088,-0.051590,0.631674,-0.771010,1.112597
0.601131,-0.501247,-0.277943,-0.834070,0.548600,-0.438537,0.878297,0.150375,0.959038,0.632601,1.901061
0.248973,0.190237,0.360202,0.993113,0.162345,-0.862751,-0.434457,-0.971325,-0.243416,-0.994610,-1.139080
0.943256,0.998949,0.017226,0.511659,0.861029,-0.811036,0.500075,0.163307,0.517211,-0.036046,-0.589256
-0.914858,-0.306360,0.648528,-0.734878,0.477886,0.539431,0.296077,0.469234,0.425412,-0.844714,0.810326
0.345226,0.877160,-0.565363,0.241542,0.524697,-0.837117,-0.874095,0.954081,-0.830404,-0.302673,-1.694001
-0.561636,0.421802,-0.746570,0.428952,-0.963626,-0.820923,-0.525639,0.691623,-0.802607,0.504072,-0.704373
-0.149268,0.921652,-0.514689,0.987372,-0.517018,-0.154731,0.992912,0.428641,-0.078860,-0.924512,0.138224
-0.922905,0.344823,0.388823,-0.978859,-0.785096,-0.125171,-0.762298,-0.878293,0.178460,-0.605450,-0.363809
-0.227332,0.966542,0.269174,0.423127,0.303539,0.377936,0.132719,-0.554184,-0.204120,0.284735,-0.703813
-0.784599,-0.974715,0.304457,0.159964,0.616786,-0.680672,-0.411813,-0.771600,0.762631,-0.331181,0.849536
0.312818,-0.949277,-0.145470,0.813715,0.016614,0.411258,-0.158143,-0.212481,-0.466352,-0.995112,-0.191332
-0.305012,0.986490,-0.946821,-0.308768,0.079605,-0.243394,-0.329610,0.568373,-0.929999,0.791974,0.019150
-0.763019,-0.925635,0.553844,-0.426054,-0.968745,0.855020,-0.814147,-0.679447,0.055949,-0.210291,0.259522
-0.102080,-0.681998,0.255228,-0.633166,-0.030427,-0.930659,0.824490,0.400431,-0.630873,0.299149,1.505016
-0.205172,-0.892710,-0.719104,0.797552,-0.260634,0.494111,0.854318,-0.069057,-0.836536,0.510421,0.631469
0.423745,0.413717,-0.270781,-0.211396,0.830020,0.084222,-0.051594,0.413360,-0.599520,0.870928,-0.874315
0.907054,-0.597245,0.023724,-0.848174,0.935623,-0.935060,-0.145891,-0.454386,-0.409860,0.847719,1.920398
-0.055437,0.099295,-0.503641,0.550013,-0.150830,-0.516188,-0.043546,0.636698,0.520040,-0.921070,-1.362268
0.124115,-0.477835,0.697120,-0.112015,-0.586975,0.259879,0.867924,0.905764,0.680198,-0.405197,-1.058699
0.645506,0.077426,-0.858196,-0.077377,-0.200239,0.770922,-0.677642,-0.564696,-0.182644,-0.742905,-0.017913
0.921081,-0.095404,-0.554876,0.928840,0.488592,0.784241,0.877491,0.898130,-0.412558,0.231012,-0.517672
-0.443172,0.367045,-0.151530,0.553485,-0.790968,0.554441,0.798906,0.453301,0.951024,0.699145,-0.130576
0.415446,0.671985,0.357110,-0.453253,-0.421509,0.890135,0.547929,-0.988479,-0.049438,-0.388712,-0.531585
0.716672,0.040836,0.487971,-0.813058,0.971487,-0.114900,0.360025,-0.834482,-0.382639,0.085067,-0.014754
0.700014,-0.732353,0.483030,0.429347,-0.291865,-0.349901,0.555942,-0.626204,0.886489,-0.088319,0.441844
-0.781178,-0.591529,0.508733,0.565702,-0.025753,0.058715,0.793886,0.934259,-0.009052,-0.805940,-0.723178
0.506597,0.456690,0.149141,0.748455,0.740118,0.832958,0.281140,-0.151261,0.702057,-0.187494,-1.746101
0.238325,0.927868,-0.181221,-0.830832,-0.683326,-0.229573,0.739778,0.631234,0.399378,-0.855353,-0.429817
0.152444,-0.605358,-0.317697,0.009126,0.817996,0.378981,0.180815,-0.380820,0.516975,0.545600,0.728628
0.995848,-0.488736,0.436647,0.527535,0.033712,0.486304,0.252914,-0.722222,-0.930724,0.834534,0.482795
0.217932,-0.813261,-0.063092,0.061244,-0.509099,0.852720,0.126589,-0.665728,-0.476932,0.325050,0.710956
-0.489813,-0.441717,0.699400,0.663517,-0.156283,0.625289,0.975923,-0.996974,0.377692,-0.036663,0.333833
-0.985340,-0.515771,-0.142428,0.687544,0.342321,0.272457,-0.395716,0.985843,0.148410,0.998293,-1.247737
0.109484,-0.117702,-0.953394,-0.213995,-0.735055,-0.487052,0.172846,-0.844114,-0.721499,-0.707750,1.116984
0.613518,-0.996627,0.881939,0.996875,0.924901,-0.046413,-0.289096,0.038073,-0.149813,-0.621143,-1.639680
0.921833,-0.905991,0.349508,-0.744300,-0.577447,0.766774,-0.310766,0.880161,0.467324,0.632133,0.640660
0.523833,0.540825,-0.309853,0.329335,-0.332611,0.279459,0.784355,-0.093100,0.958734,0.446758,-0.549787
-0.820149,-0.150442,-0.533466,0.471073,-0.957186,0.292021,-0.074658,-0.143125,0.895253,0.517583,1.046242
-0.562211,-0.064898,0.561534,0.870393,0.410852,0.520532,0.386990,0.247974,-0.469600,-0.974947,-1.391906
-0.009098,-0.737841,-0.542754,-0.951762,-0.265925,0.319679,-0.476623,0.457968,-0.756524,-0.000199,-0.071488
-0.734745,0.223286,-0.400490,0.249199,0.072275,0.676241,-0.922046,-0.201005,-0.672124,-0.897886,-1.962873
-0.326392,-0.930016,-0.020260,0.934934,-0.154980,-0.248862,-0.546955,-0.561145,0.359993,0.384026,-0.824460
0.680187,-0.415182,-0.429628,-0.189866,0.708110,-0.105329,0.468063,-0.243097,0.587910,-0.911260,1.017212
-0.309336,0.174444,0.948017,0.414877,-0.808909,0.067568,0.730813,-0.744733,0.344186,0.022830,-1.709586
-0.748094,-0.157174,0.896452,-0.557908,-0.466863,0.892558,0.630979,0.188645,-0.071145,0.943022,-0.507160
-0.066800,-0.984112,0.076923,-0.830962,-0.417629,0.320687,0.435741,0.766857,0.209123,-0.413289,0.640812
-0.023866,-0.042075,0.773111,0.693574,0.683761,-0.944714,-0.442462,-0.163010,0.808431,-0.122117,-1.223729
0.857294,0.939224,0.423182,-0.796546,-0.835604,0.575194,-0.466773,0.171221,0.382894,-0.019434,-1.165696
0.682726,-0.164593,-0.049962,0.886440,-0.732843,0.592669,0.304996,-0.817764,0.095369,0.013349,-1.546894
0.165778,-0.845295,0.275886,0.205397,0.574213,-0.734861,0.653010,0.821140,-0.069952,-0.827537,0.217401
0.553386,0.221426,-0.276270,0.497104,0.012815,0.212988,0.301288,-0.519709,-0.127355,0.206943,0.105768
-0.465576,-0.529286,-0.262102,0.783853,-0.273559,-0.533207,-0.344357,0.730940,0.926961,0.202439,0.224836
-0.572003,0.432349,-0.911023,0.657050,0.141440,-0.113168,0.046728,-0.298406,-0.378628,0.613351,0.274736
-0.923109,-0.154006,-0.713463,-0.383708,-0.724526,-0.526050,-0.013035,0.466601,-0.182715,0.536855,1.238466
0.854064,0.600744,0.285042,0.930487,-0.715379,0.698813,-0.818875,-0.799382,-0.024551,0.218297,-2.930777
0.603804,0.112650,-0.761810,0.827621,0.988409,0.346555,-0.938744,-0.438983,-0.836514,-0.582550,-0.951396
0.139479,0.724679,-0.475431,-0.188998,-0.058983,-0.779627,0.436317,0.786935,0.966764,-0.968673,0.674122
-0.545947,-0.064846,0.961650,0.748953,-0.995212,-0.235723,0.864529,0.952068,0.960892,0.203377,0.174005
-0.365425,0.860925,0.363977,-0.009141,-0.104387,0.167102,0.638983,0.032461,-0.736655,0.612719,-0.203362
-0.391650,0.764752,-0.346329,0.576840,-0.640057,0.998712,-0.676181,-0.568647,-0.819406,0.325803,-1.866838
0.690024,-0.630231,-0.643614,-0.572796,-0.532531,0.317587,0.872922,-0.851544,-0.257166,-0.717315,1.831380
0.396582,0.645157,-0.400227,0.537196,-0.685554,-0.310226,0.819481,-0.653538,0.961126,-0.296149,1.242561
-0.056368,0.684995,-0.263408,0.671679,-0.361768,-0.534739,-0.006966,-0.496143,0.162551,0.417616,-0.050001
-0.524280,0.160321,-0.268852,0.096216,0.785262,-0.282126,0.617627,0.105899,0.372569,0.690759,1.947062
-0.526491,-0.117114,0.113268,-0.259567,0.139961,0.191058,0.974199,0.905362,0.978382,-0.997460,0.881334
-0.204149,-0.927406,-0.628788,-0.036876,0.375275,-0.616624,0.610774,0.451869,-0.135284,-0.360412,2.196958
-0.394848,-0.721121,-0.232720,0.339792,0.710068,-0.623698,-0.116071,0.299617,0.390613,-0.079555,1.727471
0.271478,-0.954434,0.876580,0.202597,0.372787,0.657716,-0.467867,0.154201,0.314281,0.437292,-0.360411
0.859174,0.543504,-0.285915,-0.591002,0.975651,0.859021,-0.088309,-0.664561,-0.677264,0.943946,0.456278
-0.930945,0.468873,0.877681,-0.460419,-0.229434,0.059688,0.432569,0.888061,0.945560,-0.560892,-0.727967
-0.033844,-0.212719,-0.524042,0.136376,-0.857452,-0.602873,-0.114167,0.400345,0.018886,-0.653482,-1.063224
-0.299204,0.233131,-0.582125,-0.317285,-0.416691,-0.320436,-0.145409,-0.161760,-0.744318,0.472849,-0.057377
-0.591183,0.557289,0.862505,0.667430,-0.697832,0.544752,-0.524813,-0.291941,-0.481537,-0.220642,-3.232918
0.529376,-0.331581,-0.913063,-0.390390,0.765428,0.926959,-0.929123,0.429943,-0.436673,-0.593661,-0.967546
0.513400,0.704753,0.318629,-0.353202,-0.124263,0.841606,0.802339,-0.250257,0.221533,-0.454328,-0.983492
-0.423288,0.091101,-0.212146,0.836860,0.284477,0.908330,-0.284351,-0.855587,-0.712400,-0.528262,-0.435065
-0.219416,0.606819,-0.481411,0.439860,-0.791258,-0.996548,-0.147512,-0.542232,0.420368,0.772495,-0.090617
-0.789082,-0.788540,-0.767964,0.405891,-0.166232,0.265059,0.291935,-0.591422,-0.621182,0.928480,1.673183
0.289081,-0.922191,0.790971,-0.596634,0.350710,0.434721,0.446923,-0.577125,0.296445,-0.244536,1.141425
0.708715,-0.777371,0.893174,0.639106,0.668561,-0.545871,0.258135,0.588104,0.075028,0.350093,0.204926
0.480018,0.340299,-0.122540,0.212189,-0.264901,-0.128185,0.328113,0.203733,-0.676633,0.458254,0.379252
-0.870409,-0.329986,-0.939007,-0.450801,0.688987,-0.038760,-0.252120,-0.424550,-0.167713,0.523084,2.064736
0.162678,-0.402305,0.959346,0.467129,0.030298,-0.322829,-0.785751,0.048497,0.593949,0.131600,-0.355615
0.333443,0.904629,0.687503,0.380096,0.097731,-0.593236,0.532611,0.163117,-0.174522,-0.378228,-0.901382
-0.345732,0.383641,-0.259613,0.470353,0.919346,-0.683718,-0.315126,-0.082356,0.605615,-0.695501,-0.412861
-0.875874,0.035338,0.102971,-0.206028,-0.347718,0.152932,-0.374497,-0.158437,-0.942446,-0.872446,-1.236549
0.175856,0.013032,0.752881,0.147169,0.581607,0.733479,-0.400730,-0.263149,0.713624,-0.534579,0.220111
0.079851,0.464134,0.683187,-0.521777,0.398218,-0.067028,-0.262509,-0.858079,0.278049,0.330814,-0.266309
-0.970350,-0.364360,0.433141,0.655145,-0.705533,0.443485,-0.428509,-0.002139,-0.337583,-0.040447,-1.235974
-0.534137,-0.403084,-0.494187,0.664372,-0.000255,-0.125249,-0.232769,0.453839,-0.098196,-0.395470,-0.542537
0.904050,0.470928,-0.199637,-0.158907,0.547116,0.217602,0.547764,0.271344,0.520875,-0.763251,-0.000695
0.264440,-0.295521,-0.688430,0.041992,-0.562783,-0.715394,0.709510,-0.621759,0.819178,0.472353,1.785612
0.960703,0.194209,0.881770,0.241247,-0.790488,-0.509854,0.221449,-0.308710,-0.958355,-0.986591,-1.576009
0.428795,0.341958,0.816352,-0.203635,-0.502876,0.410605,-0.740891,-0.324582,0.541294,-0.365161,-1.672752
-0.022545,-0.282446,-0.282271,-0.248256,0.741022,-0.259963,0.436295,0.415138,0.805767,0.098826,0.878432
0.189789,0.898586,0.140129,-0.480315,-0.226114,0.112647,0.886453,0.263557,-0.333833,-0.913714,1.160427
0.458145,0.119895,-0.372522,0.525451,-0.129335,0.019392,0.906804,0.693935,-0.904954,0.816566,0.025024
0.179698,0.375219,0.912999,0.179793,0.530586,-0.711381,-0.622850,-0.156045,0.969325,0.789909,-0.889011
0.874441,-0.187789,0.125298,0.694852,-0.770154,0.859658,0.475195,-0.040042,0.041082,-0.301546,-0.458455
0.848328,-0.484491,-0.851186,0.940406,-0.230904,0.653845,0.310395,-0.739755,-0.387624,0.284954,-0.895662
0.614226,0.225905,0.478209,-0.304698,-0.445655,0.069822,-0.326169,0.355909,-0.172256,-0.527594,-2.073886
0.089642,-0.811114,-0.321923,0.245229,0.356656,-0.752981,0.425456,-0.869964,-0.371404,0.989702,1.833476
0.194467,-0.968138,-0.409351,0.596868,0.239268,-0.929052,0.485380,0.780484,0.627501,0.211402,0.661896
0.899597,0.558530,0.769989,-0.640716,0.290199,0.267729,-0.633270,0.820014,0.678458,-0.429534,-0.831541
-0.967195,-0.298520,-0.979300,-0.821004,0.766226,0.419730,0.435645,0.617598,0.892082,-0.154602,1.710545
0.857237,-0.128319,-0.237954,-0.544451,-0.411682,0.685950,-0.904668,0.464910,0.265075,-0.235537,-0.920816
0.421448,-0.301992,0.856565,0.435540,0.680275,-0.975248,-0.156831,0.942514,0.412115,-0.168865,-0.438253
0.924177,0.889547,0.259556,0.346980,0.578164,-0.933554,-0.957320,-0.192700,-0.163938,0.221565,-0.565180
0.330169,0.203205,-0.380601,0.516623,0.433498,-0.786159,-0.228813,0.935806,-0.978108,-0.982786,-0.703557
-0.425251,0.235710,-0.126265,0.483455,-0.835325,0.383552,0.829719,-0.012952,-0.076419,-0.631791,-0.085350
-0.991978,-0.421331,-0.937356,0.801668,-0.720212,0.162468,-0.608411,0.248328,-0.812413,-0.191061,0.542144
0.896029,0.847752,0.250602,-0.046843,-0.280275,0.651092,0.223368,-0.007429,-0.971446,-0.520093,-1.640894
-0.812047,0.710991,0.383957,0.648034,0.157703,0.819958,-0.326898,-0.950511,0.057490,0.868869,-1.520769
0.337526,-0.785953,-0.490836,-0.452412,0.411473,0.327129,-0.989852,-0.155102,0.466511,-0.285305,0.271311
0.547245,-0.166105,-0.471297,-0.519281,-0.050394,-0.060719,-0.884804,0.407623,-0.663961,-0.594080,0.261145
-0.452462,-0.847305,-0.353513,-0.019540,-0.796577,-0.498017,0.253819,0.684417,0.961467,0.721010,1.535611
-0.110538,-0.226146,-0.028329,-0.568565,0.759481,-0.949236,0.042733,0.172511,0.499582,0.732395,1.042408
-0.535885,0.592253,-0.422027,0.999102,-0.825048,0.040339,0.705751,0.138094,0.176566,0.996008,0.471155
0.231307,-0.459650,0.966716,0.783197,0.263304,0.669237,-0.109993,0.863796,-0.737287,-0.800241,-1.924875
-0.868450,0.562147,-0.992646,-0.913525,0.175600,0.019931,0.740565,-0.563345,0.599718,-0.718500,2.875615
-0.343956,-0.812577,-0.127908,-0.442123,0.519719,0.837347,0.679729,0.946987,0.317660,-0.360269,0.070249
0.318306,-0.974233,-0.000965,0.336873,-0.914966,-0.696031,-0.182600,0.618496,-0.669209,0.145465,-0.929831
0.536980,0.118267,0.133949,-0.363760,0.669547,0.303860,-0.379277,0.789824,0.313020,-0.615715,-0.683434
-0.469428,-0.272031,-0.453804,-0.729934,-0.870437,0.375272,0.721606,-0.125536,0.652897,-0.925673,1.403691
-0.850184,-0.634787,0.856311,0.068205,0.365739,-0.858810,-0.805274,-0.533066,-0.667125,0.388340,0.541241
0.254521,-0.755585,0.598874,0.184730,-0.374854,0.521437,0.371491,-0.908079,-0.601728,-0.106265,-0.496762
-0.947239,0.870391,0.206765,-0.586923,-0.643210,0.510285,0.266391,0.874329,-0.928597,-0.542651,-1.185852
0.572734,0.200831,0.635274,0.329428,-0.617488,-0.288711,0.679252,0.162914,-0.115452,-0.902562,-0.039084
0.894002,-0.601286,0.052237,0.515763,-0.020009,0.658039,-0.406495,0.515503,-0.571573,-0.285455,-0.872440
-0.983246,0.429879,-0.316510,-0.964629,0.601603,-0.873225,-0.916734,-0.031964,0.610640,-0.399218,1.819469
-0.648009,0.720324,0.384261,-0.882170,0.812244,-0.002645,0.778251,-0.066329,-0.416257,0.129998,0.484757
-0.813785,-0.936659,0.432405,-0.160094,-0.761718,0.865564,0.606647,-0.683590,0.662598,0.858647,2.410510
-0.533527,0.424933,0.705905,0.771460,0.434307,0.023776,0.689672,0.840568,0.614608,-0.373776,-0.016661
-0.119786,0.760546,-0.652329,-0.292931,0.563772,-0.660158,-0.034278,-0.802342,0.789789,-0.444976,1.721621
0.935994,-0.215188,0.554900,0.756653,0.007406,0.122289,-0.709357,0.464528,-0.456381,0.742296,-2.752680
-0.390141,0.920915,-0.518247,-0.003180,0.355786,0.092946,0.077659,0.070333,-0.566182,0.304733,0.136984
0.083524,0.470470,-0.919713,0.644947,-0.608570,-0.843245,-0.896902,-0.161639,0.071758,0.020184,0.106072
-0.186344,-0.558475,0.163507,0.866721,0.838682,0.002441,0.174271,-0.268003,-0.893460,-0.772933,-0.600556
0.160609,-0.670349,-0.314811,0.406448,-0.685195,-0.472346,-0.188129,-0.709307,-0.927241,-0.314837,0.102582
-0.694975,0.135027,0.568210,-0.827410,-0.238603,-0.988045,-0.081319,0.509997,0.748783,-0.836295,-0.608799
0.465463,0.962096,-0.646000,-0.595794,-0.161565,0.474427,0.153235,-0.277144,-0.168464,0.548664,-0.152108
0.434644,0.545297,0.955448,0.689375,-0.488277,0.304635,-0.134888,0.732695,-0.650424,-0.970646,-2.371762
-0.607172,-0.059499,0.779286,0.693270,-0.086214,0.263051,-0.577675,-0.293543,0.876995,-0.084509,-1.232774
-0.165172,-0.679203,-0.864171,0.569202,-0.225500,0.418661,-0.241907,0.122914,0.345821,0.624193,0.870927
0.294204,-0.894855,0.510082,-0.189859,-0.607662,-0.316721,0.390921,0.369207,-0.147006,-0.146810,0.941066
0.573269,0.671503,0.969343,-0.488447,0.730997,0.839473,-0.495046,-0.089772,0.707766,-0.018703,0.225069
-0.562764,0.517598,-0.074013,-0.535631,-0.849544,0.528123,-0.447862,0.574626,-0.035900,-0.376097,-1.815839
0.507423,-0.176235,-0.605299,0.358427,-0.905122,-0.982142,0.812006,-0.819703,0.344110,-0.670544,0.707172
-0.347929,0.396875,-0.259301,-0.962145,-0.628531,0.511998,0.180172,-0.203788,0.144305,-0.273605,0.383259
-0.165695,-0.051694,-0.484114,-0.275139,0.190091,-0.060263,0.114091,-0.492774,-0.980855,-0.592205,0.531740
0.038747,0.285510,0.706671,-0.590914,-0.772439,0.688171,-0.896896,-0.536846,-0.437923,-0.879136,-1.202338
0.249266,0.175048,0.144807,-0.362489,-0.602724,-0.067408,0.877078,-0.927593,0.742515,-0.427187,2.114642
0.041798,-0.356363,-0.423798,0.023573,-0.507957,0.428197,-0.565358,-0.631684,0.922077,-0.903532,0.260130
0.363522,0.244318,-0.259362,-0.005896,-0.346647,-0.323273,-0.784241,0.131879,0.895114,0.869355,-0.058110
0.496748,-0.560650,0.006899,-0.999879,-0.463958,-0.623022,-0.608710,-0.009106,0.143326,-0.226319,0.281292
0.110816,-0.400145,0.610230,-0.652726,0.326505,-0.268691,0.351018,-0.655954,-0.521598,0.738146,1.460684
0.526156,0.164985,0.860924,-0.675612,-0.980472,-0.869466,-0.976646,0.640749,0.291716,-0.150157,-0.968855
-0.114811,-0.137977,0.248489,-0.357487,0.535707,0.863680,-0.128818,-0.984035,-0.878138,0.269826,0.090408
-0.362793,0.927285,-0.907963,0.800318,-0.174699,-0.340620,0.329973,0.111713,-0.233154,0.945312,-0.594985
0.787430,0.132658,-0.992958,0.149574,0.444140,0.031427,0.647412,-0.611388,-0.257839,0.211197,0.551610
0.079423,-0.766282,0.947382,0.596754,-0.400154,-0.914821,-0.766010,0.353049,-0.731864,-0.178929,-1.737190
0.821542,-0.128652,0.997603,-0.404833,-0.834100,0.883281,0.916110,0.974100,-0.885081,-0.694613,-2.014437
-0.842557,0.989274,-0.997285,-0.686089,-0.170305,-0.034168,0.569338,0.250401,-0.910892,0.109859,1.138319
-0.382817,0.820443,-0.994536,-0.849018,0.495588,-0.390461,-0.019213,0.906998,-0.008838,-0.490221,0.854457
0.970406,-0.519917,-0.157698,-0.460787,0.741606,-0.390871,0.791099,-0.736254,-0.710100,0.471347,0.883186
-0.671537,0.977629,0.973378,-0.844003,0.995315,0.056412,0.770081,0.812264,-0.873757,-0.668942,-0.809607
0.918897,-0.118701,-0.846832,-0.633278,-0.287426,0.458359,-0.821694,0.315834,-0.561505,-0.351794,-0.702739
-0.125720,-0.895959,-0.440397,-0.734613,0.696005,-0.201704,0.317403,-0.472122,0.803461,-0.799187,2.381637
0.910291,0.095084,-0.520375,-0.623471,0.955986,-0.682408,0.829528,0.742278,-0.443257,0.746387,2.034778
0.862719,-0.419512,-0.809048,-0.922624,-0.005027,0.463466,0.581317,-0.852590,-0.596448,0.357157,1.551045
-0.735324,-0.164216,0.672295,-0.001950,0.208419,0.579385,-0.725007,-0.557022,-0.460534,0.295258,-0.547562
0.451152,0.157735,-0.849592,-0.456858,-0.516033,0.548004,0.429321,-0.121491,-0.478039,0.022015,0.581136
0.133264,-0.258761,0.732291,0.020522,-0.597544,-0.485560,-0.909550,-0.820174,0.314267,0.538644,0.363798
0.167902,-0.587317,0.409171,-0.020318,0.209610,-0.001077,-0.689476,-0.724811,0.336740,0.318048,0.727257
0.953811,-0.373373,-0.886146,0.568092,0.633491,0.270520,0.775662,-0.048495,0.267406,0.677666,1.067074
-0.351390,0.262940,0.602713,0.899283,0.237503,-0.819941,0.475219,0.914344,0.585549,-0.687147,-0.496427
0.723720,-0.724773,0.291659,0.560860,-0.229977,-0.275932,-0.582856,0.597802,-0.038079,-0.626418,-1.346431
-0.794470,-0.450919,-0.386482,0.749446,0.738130,-0.455380,0.551464,-0.335442,-0.633423,0.353570,0.296879
0.944311,-0.232283,-0.833747,-0.195862,0.996048,-0.565830,0.022240,-0.171118,-0.448476,0.170978,0.843730
-0.095172,-0.671336,0.490438,0.055174,0.012746,0.824401,-0.234937,0.081764,0.175899,-0.310072,-0.584400
0.515457,0.700497,-0.662479,0.312302,-0.199168,0.801408,-0.786867,0.390955,0.909843,0.942271,1.344190
0.930089,-0.209792,-0.422016,0.957868,-0.421862,-0.601380,0.613175,0.662570,-0.276976,-0.684657,-0.137318
-0.733719,-0.882849,-0.393076,-0.261304,-0.914998,0.619274,-0.499214,0.245248,0.712710,-0.164858,0.592737
0.634095,0.526789,0.158947,0.371372,-0.040371,-0.495908,0.757770,0.475832,-0.475422,-0.687305,-0.425983
0.342229,-0.380304,-0.358939,0.432845,-0.510537,0.877231,0.144074,0.410524,-0.758933,0.208381,-0.594779
0.392980,0.556367,-0.404724,-0.395489,-0.787244,0.769515,0.604467,0.337450,0.075171,-0.913577,-0.087210
0.520840,-0.858687,-0.275295,-0.203393,-0.138881,0.201214,-0.085912,0.440486,-0.128339,0.021769,1.054693
-0.085218,0.848565,0.456361,0.293752,-0.489952,-0.203338,-0.098530,-0.369363,-0.177282,-0.770283,-0.929851
-0.136614,-0.093598,-0.383212,0.545519,0.963447,0.664485,-0.786287,-0.944226,0.466494,-0.660360,-0.727798
-0.272344,0.418253,0.886140,0.734477,-0.812893,-0.720814,-0.252248,0.323091,-0.537536,0.154513,-1.873413
0.133637,0.854622,0.970522,-0.435884,-0.794072,0.073493,0.800216,0.794552,0.668588,-0.937587,-1.959941
0.982867,-0.095180,0.813941,0.998295,0.751087,-0.521785,-0.235352,-0.329525,-0.294473,0.830574,-1.888236
-0.236862,0.427047,0.274859,0.453106,0.759746,-0.990332,-0.030709,-0.126698,0.365624,0.921781,0.319848
-0.229356,0.848813,-0.066482,0.821425,0.395834,0.393128,0.026972,-0.087816,0.771615,-0.683947,-0.141910
0.682414,0.208926,-0.781974,-0.582721,-0.934940,0.090619,0.591320,-0.992580,0.692698,0.003165,2.111569
-0.116296,0.057938,0.638514,-0.665858,0.513337,0.870580,0.962214,-0.509533,-0.286594,-0.378070,-0.256544
-0.532119,0.390435,0.656345,-0.801033,-0.325741,-0.511176,0.933138,0.298244,0.166837,-0.870539,0.382663
-0.149156,-0.828498,-0.100267,-0.979473,0.309639,-0.800020,0.732235,0.112497,-0.595482,0.364497,2.388560
-0.281177,-0.979269,0.898072,0.822811,0.147316,0.885841,-0.818750,-0.772822,0.297521,0.638256,-1.274292
0.239701,-0.249463,-0.545744,0.669575,0.594489,0.252456,-0.816623,-0.468441,-0.329042,-0.210191,-1.015238
-0.609444,0.781475,-0.493614,0.490403,-0.708657,0.565614,-0.761119,-0.541696,0.871757,0.357557,-0.564011
-0.815814,0.050885,0.781014,0.207993,0.559756,0.414580,-0.426262,-0.903474,0.819950,0.311583,-0.406333
-0.258180,-0.568082,0.772008,0.675566,0.128656,-0.523009,-0.056044,-0.585902,0.343747,-0.036457,-0.792851
-0.598135,0.843108,0.581389,-0.439013,0.551241,-0.052994,0.806077,-0.624779,-0.152928,0.444592,0.923236
0.304813,-0.014676,-0.450751,-0.769289,0.482622,-0.193233,-0.952990,0.717493,-0.499438,0.493087,0.336112
-0.118367,0.967543,0.342676,0.063165,-0.665333,0.364952,-0.355878,-0.945630,-0.226690,0.061993,-0.286781
0.251508,-0.063662,-0.849422,0.946978,-0.088100,0.280675,0.551085,-0.846527,0.337890,-0.481783,0.509169
0.887671,0.281263,0.892383,0.449589,0.680838,0.545707,0.932216,0.548010,-0.800107,-0.007287,-2.292356
0.852360,-0.804106,-0.830572,-0.627464,-0.279663,0.136399,-0.432658,-0.962492,0.684380,-0.928353,1.995425
-0.491433,0.876912,-0.331076,-0.766945,-0.256975,0.662615,0.479788,0.493244,0.371927,-0.599127,1.132811
0.507640,-0.617228,-0.955682,0.522922,0.423200,0.396398,0.924656,-0.793253,0.846268,-0.014989,1.107993
-0.460450,0.878268,0.887775,-0.047769,-0.871311,-0.875164,-0.411267,-0.743488,0.274364,0.802908,-0.625174
0.530789,-0.667593,0.998792,0.133943,-0.974759,0.168142,-0.573515,0.553695,0.091171,-0.729235,-1.270699
0.277335,-0.871016,-0.523314,0.765979,-0.354974,0.138621,-0.340063,-0.654728,0.407662,0.826063,0.831153
-0.819561,-0.380350,-0.189221,-0.399907,0.687703,0.416976,-0.499709,0.984654,0.107831,-0.348786,0.078526
0.913071,-0.933601,-0.352919,-0.223684,-0.916720,0.034992,-0.340479,-0.115955,0.668826,0.591959,1.271714
0.013257,-0.903319,-0.105447,-0.300278,-0.847792,0.190201,0.471380,-0.183543,0.157928,0.200762,1.085534
0.302503,0.782642,-0.272263,0.509102,-0.392373,0.383401,0.568504,-0.596356,-0.298316,0.561921,-0.080006
-0.601468,-0.328693,-0.303699,0.722064,-0.031841,-0.536053,0.443365,0.844981,-0.854547,0.337556,-0.008183
-0.723265,-0.072611,-0.338045,0.257993,-0.952160,0.973883,0.273008,0.482898,-0.751983,-0.712959,-2.281784
-0.853173,0.243038,-0.820319,-0.073079,-0.770745,0.270893,0.868115,-0.625301,-0.607311,0.876258,0.600844
-0.105001,0.052174,-0.940815,0.885077,0.951880,-0.648417,0.811081,0.715382,-0.879405,0.031836,0.942931
0.346449,-0.232411,0.041596,-0.453321,-0.167207,-0.435460,0.514354,0.369588,-0.112094,0.850824,-0.084325
0.700086,0.033907,-0.317252,0.579249,-0.595607,-0.210189,-0.514624,-0.056534,0.685178,0.561570,-0.926919
-0.334108,-0.042134,-0.655673,-0.249826,0.391552,-0.589585,-0.658133,0.959346,-0.050415,-0.997436,-0.193004
-0.809745,-0.705382,0.935245,0.896676,0.198718,-0.699202,-0.596469,0.130979,0.710067,-0.660629,-0.666385
0.587286,-0.601031,0.741187,-0.251482,-0.068755,0.215638,-0.543695,-0.410492,-0.596628,0.034716,-1.238434
0.722588,-0.928911,0.662927,-0.416872,0.024242,0.907295,-0.716670,-0.550238,-0.471236,-0.718253,-1.158361
0.204316,-0.684848,0.904213,0.123808,0.111928,-0.378905,-0.711070,0.814456,-0.857290,-0.024527,-1.950887
-0.754451,0.327008,0.252151,0.531071,-0.686917,-0.989989,0.767879,-0.894204,0.426448,-0.436781,0.296703
-0.656938,0.032059,-0.883496,-0.235039,0.800807,0.494398,-0.727930,0.828326,-0.127704,-0.709041,-0.628511
0.629686,0.863248,0.120580,-0.030822,-0.188291,-0.547586,0.186213,-0.324978,0.849307,-0.240329,-0.224455
-0.536381,0.781896,0.608888,-0.305925,-0.679198,-0.656682,-0.919508,0.456432,-0.089029,0.106552,-1.674771
-0.804256,-0.709644,0.998014,0.132994,0.614798,-0.985134,0.090486,0.281813,0.333965,0.162086,0.597026
0.934583,-0.878458,0.379073,-0.922220,0.252593,-0.093017,-0.554737,0.629342,-0.534880,0.673317,1.056037
-0.410627,0.159191,-0.625305,0.519405,-0.961747,-0.299211,0.754443,0.939773,0.451380,-0.994025,-0.542766
-0.245232,-0.129207,0.434934,-0.285521,0.742758,-0.028457,0.121609,0.180506,0.595835,0.944573,0.230779
0.622056,-0.899823,0.016412,0.109095,0.911300,-0.062839,0.614782,0.814818,0.284306,-0.310954,1.631963
0.989179,-0.765481,-0.058775,0.685591,-0.312316,0.188152,-0.344951,-0.407476,0.553411,-0.493620,-0.073103
-0.870862,-0.223272,0.337110,0.280338,-0.882807,0.113451,0.070019,-0.859852,-0.226097,0.304370,0.809760
-0.445142,-0.851248,0.697904,-0.860883,-0.193796,0.632295,0.735747,-0.190525,0.747350,0.425536,2.045805
-0.166081,0.278899,-0.571588,0.144607,-0.431814,-0.831786,-0.428792,-0.098453,0.841490,-0.004903,0.412139
-0.014829,0.763437,-0.195741,-0.022231,-0.165913,0.908839,-0.595645,-0.587203,0.200457,-0.577441,-0.908174
-0.645097,-0.831352,0.021472,-0.666693,0.707188,0.996066,-0.293639,-0.869955,0.061386,-0.401015,0.762216
-0.861920,-0.731987,-0.678135,-0.269972,-0.911342,0.666006,-0.206307,0.379125,0.478405,-0.895154,-0.416480
-0.323646,0.254260,-0.350426,0.578171,-0.945511,0.834788,-0.064072,0.610592,0.211091,0.196581,-1.207975
-0.314188,0.130021,-0.930975,0.558982,-0.345179,0.151901,0.463328,0.960859,0.406119,0.745881,0.363142
-0.955109,0.795629,-0.407624,-0.596357,-0.921838,-0.377452,0.270265,0.128413,-0.671956,0.865428,1.351358
-0.645505,-0.322466,-0.442307,-0.334716,-0.293099,0.639204,0.323400,-0.813245,-0.406017,0.076356,1.521370
0.682883,-0.992954,-0.045336,-0.091354,0.014183,-0.065537,-0.152440,-0.497819,0.431606,0.346415,1.235949
-0.321355,0.509052,0.627042,-0.046754,-0.965839,-0.110271,-0.442438,-0.047191,-0.936964,0.838291,0.565632
-0.776597,0.619543,0.371971,-0.767464,-0.265665,-0.452421,0.666228,-0.051737,-0.735647,0.128052,0.435485
-0.493766,-0.177673,-0.671368,-0.413477,-0.559710,0.448113,0.702738,-0.854965,-0.546586,-0.726194,1.333688
0.451643,0.863137,-0.422798,-0.007207,0.262850,-0.916238,-0.793139,-0.790266,-0.286734,-0.072948,-0.435889
-0.838155,-0.893837,-0.872589,0.582581,0.090206,-0.027290,0.565173,0.027157,-0.396305,0.315838,1.469126
-0.058258,-0.997393,-0.628770,0.680798,0.264715,-0.039312,0.375434,0.315213,0.148068,-0.751328,0.639907
0.761358,0.611677,0.599028,0.377015,0.030036,0.185942,0.274579,0.938347,0.275035,0.745910,-1.146816
0.254238,-0.208190,-0.788820,0.163863,-0.646773,0.073367,-0.365282,-0.605185,0.280817,0.829402,0.088729
-0.263082,-0.222449,0.297252,0.505178,0.032252,0.431238,0.601505,0.187106,-0.018402,0.432502,-0.620047
0.590868,0.606332,0.400481,-0.909139,0.688520,0.885887,0.334424,-0.445771,-0.431679,-0.219762,0.257733
0.055666,-0.272099,0.435928,0.001411,-0.990530,0.594823,0.945632,-0.842710,0.847420,-0.776717,0.251591
0.635816,-0.351560,0.040293,0.167906,-0.678698,-0.128141,0.627719,-0.704794,-0.015174,0.787638,1.064717
0.540501,0.591961,0.021801,0.915971,-0.343672,0.052834,-0.117719,0.441667,-0.743720,-0.553219,-1.342295
-0.514277,0.816925,0.136322,-0.042678,0.601599,0.993847,-0.837023,-0.513977,0.706706,0.894372,-0.791680
0.641970,-0.267248,-0.721185,0.549927,-0.751946,0.390327,0.559785,-0.534547,-0.484345,-0.121823,0.206216
-0.262726,0.323953,0.517687,-0.220912,-0.465770,-0.338223,-0.366350,0.390534,0.939449,0.864814,-0.114870
-0.265883,-0.079995,-0.227549,-0.429830,-0.221135,-0.343031,-0.486542,-0.746446,0.010656,0.564323,0.529710
0.544084,-0.319268,-0.601362,0.477175,0.657796,-0.644474,0.326586,-0.829628,0.071501,0.599370,0.949682
0.127843,0.424132,-0.454941,0.036767,-0.510743,-0.918788,0.201802,0.513530,-0.311275,0.080964,0.865498
0.197196,-0.412137,0.823639,-0.901516,-0.666632,-0.986125,-0.935068,0.912933,-0.913600,-0.930449,-1.627988
-0.301800,0.898285,0.279412,-0.054063,-0.760120,0.406403,-0.444254,0.394217,0.222677,0.844305,-0.984143
-0.734055,-0.914379,0.735599,0.210376,-0.669694,-0.109552,0.658712,-0.154622,0.608068,-0.585029,0.060437
-0.243511,-0.581003,-0.089446,0.593497,0.602980,0.359835,0.996056,0.585632,-0.792489,0.611479,0.463287
-0.299649,0.579656,-0.605795,-0.988578,0.115671,-0.869410,0.575780,0.251311,0.028209,-0.304887,2.817452
0.561888,0.854907,-0.519707,-0.564079,-0.574832,-0.735091,0.839528,0.998991,-0.177463,0.642134,1.146899
-0.447229,-0.629032,-0.314585,0.148221,-0.436520,0.362873,-0.522402,0.679397,-0.751063,-0.951259,-0.976486
0.605472,-0.447334,0.382668,-0.935760,-0.274720,0.305726,-0.703819,0.992504,-0.872211,0.110228,-1.795057
0.798771,-0.842065,-0.915527,-0.701465,-0.897248,-0.950270,0.141852,-0.305580,0.237739,-0.776344,2.604586
-0.530050,-0.616742,0.416028,0.305084,0.183967,-0.856425,0.500992,-0.541950,-0.765199,-0.719581,-0.839885
0.927421,-0.184159,-0.222210,0.826591,-0.712239,-0.392351,0.550961,0.337446,-0.942999,-0.803542,-0.455910
0.079944,0.094545,0.480907,0.873621,-0.480268,0.187373,-0.992583,0.998477,-0.919491,0.657845,-3.437080
-0.942779,0.537403,-0.394702,-0.811052,-0.567242,-0.884288,0.039234,-0.241653,-0.478839,-0.216258,1.090702
0.228379,0.998250,-0.088882,-0.145245,0.953206,-0.253271,-0.105183,0.782603,0.942043,-0.028311,0.639600
0.254666,0.736041,0.338605,-0.449018,0.223604,0.330927,-0.694625,-0.715186,0.821741,0.158156,-0.163483
0.016183,0.606520,0.145988,0.627329,0.433287,0.153922,0.086928,-0.548565,-0.105539,-0.072252,-1.311789
-0.603467,-0.801552,-0.988422,0.454086,-0.232798,0.224211,-0.940092,-0.444062,-0.027293,-0.734352,-0.503637
0.999015,-0.144250,-0.263978,-0.027916,-0.276199,0.393347,-0.630971,-0.476609,0.065976,-0.104022,-0.782756
0.892249,-0.653444,-0.926429,0.972200,-0.499109,0.713085,-0.799514,0.058054,0.869353,0.833394,-1.873240
0.388572,0.346652,-0.517640,0.831276,-0.433977,0.602435,-0.424848,-0.005642,0.578067,-0.550066,-0.957334
0.994696,-0.405490,0.667742,0.131444,0.047632,0.364307,-0.932891,-0.797265,-0.823634,0.037025,-0.247946
0.579351,-0.830278,0.172112,0.135501,-0.871277,0.287267,0.209742,0.589975,0.190167,0.038045,-0.805910
-0.005981,0.196972,-0.030381,-0.121932,-0.377121,-0.728442,0.933643,-0.027114,-0.991089,-0.433049,0.087951
-0.067321,-0.924996,0.224371,0.426936,0.684213,0.992329,-0.192260,-0.337108,-0.342492,-0.733744,0.427985
0.045844,-0.843059,0.264309,0.861244,-0.904359,0.320769,-0.104819,-0.911078,0.996524,0.509369,-0.531225
0.862758,-0.338739,0.554852,-0.703119,-0.127705,0.417983,0.748106,0.400811,0.851881,-0.117700,1.011405
-0.942496,-0.331034,0.877749,0.317043,0.633496,-0.814407,0.652911,-0.934206,-0.880245,-0.993496,1.162098
-0.016035,0.857279,0.751918,0.269531,-0.971667,0.195163,-0.315961,0.093110,0.584895,0.473101,-0.180463
-0.353481,0.802714,-0.167218,0.263909,0.738003,0.596468,0.228817,-0.537265,-0.009089,0.099211,-0.053826
0.805897,0.274657,-0.203116,-0.359996,0.516860,-0.484497,0.774926,-0.309560,0.616886,-0.876517,1.973049
0.381892,-0.191005,-0.245391,-0.902810,-0.854817,-0.937703,0.523507,0.111250,0.149618,0.102556,2.241285
0.564223,0.209772,0.395297,-0.329428,0.514416,-0.351325,-0.374377,0.952399,0.221206,0.899720,-0.589608
-0.773767,-0.535214,-0.229220,0.511120,-0.325186,-0.264802,0.625801,-0.456235,0.667713,-0.307826,0.697970
-0.674673,-0.279356,-0.783370,-0.944139,0.503164,0.277605,0.677606,-0.554283,0.649433,-0.542777,2.469722
0.580131,0.894956,-0.117119,0.365083,-0.583808,0.227289,0.620308,-0.642370,-0.888687,-0.641762,-1.498154
-0.618130,-0.996157,-0.863208,0.274323,0.154439,-0.289144,-0.245016,-0.311091,0.459482,-0.853083,0.295363
-0.658281,0.107653,-0.704550,0.341972,0.900673,0.677022,-0.487054,-0.119259,-0.483728,-0.711485,-0.574755
0.501165,0.298086,-0.900413,0.787995,0.429143,-0.956961,-0.149096,-0.767192,-0.537814,0.021450,1.446584
-0.024956,-0.527533,-0.458263,-0.761240,0.111849,-0.061082,-0.564343,-0.093376,-0.862941,-0.236065,1.437348
-0.688279,0.391465,-0.984157,-0.542392,0.416473,0.628850,-0.502064,-0.143568,0.375926,0.235622,1.386122
0.693860,-0.397563,-0.323272,-0.212541,0.352244,-0.617846,0.788991,-0.520275,0.819122,0.416181,1.089207
0.381019,-0.404422,0.183930,0.393636,0.951975,-0.475742,0.812248,-0.528041,0.245629,-0.372523,-0.052005
0.966885,0.633855,-0.626224,-0.584857,0.074442,0.191515,0.047751,0.018990,-0.429302,-0.860022,-0.857703
0.328282,0.328824,-0.571983,-0.746996,0.751136,-0.928418,-0.105434,-0.154990,-0.107313,-0.413186,0.463841
0.033629,-0.747297,-0.405188,0.924029,0.478982,-0.152031,0.919870,0.504942,0.492060,0.584617,1.979776
0.219982,0.281154,0.171072,-0.169024,0.870666,0.357874,0.422270,-0.877882,-0.940589,0.556012,0.338039
-0.323056,0.691280,0.143058,-0.815840,-0.306038,-0.956602,-0.837577,-0.293172,-0.364410,0.092906,-0.374193
-0.222397,0.352380,-0.604212,0.628630,0.774341,0.095801,0.603891,0.728704,-0.838142,0.489115,-0.722353
0.742841,-0.604725,0.725654,-0.627999,0.241702,-0.811004,-0.371675,-0.676084,-0.947471,-0.438417,0.254581
0.251699,-0.816536,-0.896695,0.283349,0.766460,0.454988,0.886740,0.124587,0.941235,0.509812,2.469719
-0.746995,0.124073,-0.133015,-0.881664,0.993005,-0.373634,-0.265140,-0.652075,-0.505840,0.710792,0.982830
-0.641512,0.849673,-0.210448,-0.577372,-0.584089,-0.567402,0.447948,0.092651,-0.119188,0.330838,1.754500
0.261226,0.210196,-0.898770,0.265286,-0.239323,0.570766,0.787651,-0.703911,0.767355,0.787330,1.962361
0.749563,0.181405,-0.390847,-0.011837,0.954896,-0.360799,0.056275,-0.616788,-0.379382,0.007829,0.642904
0.108626,-0.292254,-0.194161,-0.142205,0.229758,0.310898,-0.639792,0.166874,-0.528074,-0.234246,-0.443622
-0.842254,-0.363696,-0.530192,-0.491431,0.456099,-0.975776,-0.189643,0.557557,0.342422,0.557292,1.422094
-0.713286,-0.485607,0.102687,0.743898,0.768648,-0.493655,0.826088,-0.054518,-0.000950,-0.423894,0.500849
0.527088,0.863791,-0.860488,-0.967158,0.793679,0.686090,0.641106,-0.590756,-0.375390,0.269777,1.663819
0.748672,0.581895,0.235382,0.578121,0.862237,0.369823,-0.580499,-0.170041,0.513293,-0.510519,-1.054442
-0.616735,0.647077,-0.056411,0.194288,-0.156597,-0.377974,0.618147,-0.217006,0.904740,-0.698893,0.250301
-0.201693,-0.278547,-0.006969,-0.291539,-0.855778,0.736249,-0.511010,-0.176344,-0.554561,-0.324736,-0.652426
0.929280,-0.969259,-0.336124,0.637791,0.247554,0.375199,-0.607057,0.527168,-0.478969,0.996703,-0.716785
-0.999016,0.635868,0.386265,-0.735938,-0.585899,-0.972292,-0.625878,-0.003815,-0.916447,0.344890,0.681517
-0.692799,-0.713670,-0.303848,-0.609393,0.621954,-0.542628,-0.379421,-0.056647,-0.338907,0.686810,1.488270
0.045861,-0.956840,0.841666,-0.594240,0.673598,-0.821068,0.424422,-0.772877,0.790813,-0.112119,1.934121
0.976068,-0.543680,-0.612068,0.347230,-0.334326,0.598557,-0.730036,0.073492,-0.275319,-0.349823,-1.473420
-0.631002,0.734070,0.486360,-0.864184,-0.999173,0.443570,-0.788188,-0.216390,0.574705,0.966185,0.123845
0.585974,0.693512,0.270107,0.545446,0.895243,-0.312763,-0.960410,-0.743812,-0.644820,0.460221,-1.028492
-0.604787,0.711365,-0.380473,0.735104,0.282549,0.175661,0.426866,0.423148,0.575476,0.576365,-0.206751
0.914753,0.048014,-0.765981,-0.003295,-0.867699,0.945182,0.289951,-0.075935,-0.976669,-0.955559,-0.969929
-0.701787,0.795483,-0.140252,-0.475222,0.817817,-0.688714,-0.623438,0.585473,-0.202377,0.437858,-0.270320
0.839804,0.971378,0.669366,0.378610,0.298791,0.658689,0.104939,0.522077,-0.238556,0.212701,-1.879665
0.228587,0.177573,0.338935,0.115549,-0.908177,0.063578,0.378865,0.521133,-0.737649,0.527512,-1.156030
-0.950784,0.410358,0.452739,-0.988469,-0.184133,-0.428711,0.137467,0.126744,0.436520,-0.318440,0.841399
0.988847,0.782177,0.967036,0.743076,-0.883993,-0.906990,-0.706665,-0.780163,0.153070,0.307688,-2.017049
-0.998642,-0.631796,-0.722578,0.316582,0.743637,0.053826,-0.744148,-0.991631,-0.170598,-0.220056,0.962783
-0.469133,-0.037679,-0.450895,0.244018,0.584872,0.730829,-0.440336,-0.184141,-0.469763,-0.908072,-0.238933
0.103408,0.576990,0.858291,0.420156,-0.746385,0.032100,-0.650636,0.666339,0.897177,-0.181262,-0.722991
0.996052,-0.993853,-0.708687,0.615826,-0.616384,0.580632,0.075082,0.594592,-0.366666,-0.205102,-0.203402
0.643691,0.930404,0.083180,0.500638,-0.927145,-0.499054,0.097128,0.173367,0.407032,-0.022528,0.401865
-0.466837,-0.741508,-0.306652,0.871471,0.748247,-0.726116,0.601793,0.111845,0.722231,-0.855821,2.085966
0.953099,0.107822,-0.127918,0.407513,-0.534117,0.020659,-0.987052,0.659398,0.569520,-0.844827,-1.884625
-0.939511,0.642735,0.549643,-0.821593,-0.773368,-0.326065,-0.729328,0.485121,-0.974932,-0.715671,-1.188719
0.416691,-0.565890,-0.898717,-0.258204,0.341926,-0.641240,0.417449,-0.490595,0.534971,0.921713,2.782317
0.686589,-0.210110,-0.047919,0.291584,0.143271,0.316172,-0.643153,-0.102060,-0.353902,0.125000,-0.698960
0.919511,-0.564215,-0.745023,-0.520709,-0.979940,0.017704,-0.079632,0.666534,0.212906,-0.305588,0.291244
-0.780018,-0.210487,0.035527,0.050359,0.474488,-0.745009,-0.082069,0.032020,-0.517252,-0.121571,1.211776
0.159491,0.898811,0.304808,-0.877132,-0.578078,0.633483,-0.359594,-0.836558,0.509103,-0.172266,-0.279282
-0.597991,-0.566192,0.300744,0.693291,0.993395,-0.809980,0.395542,-0.248694,0.151741,0.238614,-0.271013
0.355222,-0.794897,-0.112349,-0.143163,0.847129,-0.976136,0.213830,-0.956420,0.948647,-0.010618,1.841286
0.190595,-0.845762,-0.170348,0.876900,0.154159,0.033740,-0.445913,-0.274279,0.225595,-0.326498,-0.537571
-0.120250,-0.871454,0.241279,-0.888310,0.718036,0.342322,-0.974113,0.216069,0.718683,-0.476657,0.163813
0.692273,-0.927051,0.640922,0.396681,0.699659,0.875352,0.461149,-0.247740,0.881600,0.178286,-0.316009
-0.724422,-0.810105,0.901189,-0.870226,-0.837669,0.266057,-0.904142,-0.516774,-0.067222,0.955791,-0.599122
0.298189,0.919688,-0.268470,0.325515,0.185964,0.575701,-0.087786,0.561426,0.599696,0.204330,-0.647937
0.339235,-0.361582,0.254427,-0.098593,0.203172,0.145293,0.157433,0.702856,-0.806527,-0.842397,-0.634619
-0.067036,0.093057,0.911814,0.926412,-0.618145,0.324714,0.836460,0.852623,-0.905765,0.187060,-1.925784
-0.768078,0.271560,0.407667,0.720188,-0.285783,-0.864495,-0.068729,-0.047203,-0.567822,0.943501,-1.868874
-0.459038,0.226173,-0.415263,0.394732,0.416921,0.592443,-0.592407,0.381198,0.164040,-0.776806,-0.434400
0.215124,-0.284327,0.665271,-0.886818,0.321010,-0.227797,-0.070006,0.471030,0.902385,0.250958,1.576034
0.339824,-0.014977,0.577567,0.390338,0.902114,-0.846087,-0.586929,0.857357,0.836085,0.617617,-1.503137
-0.570452,0.326514,0.092035,-0.542902,-0.394529,-0.849991,0.420248,0.494319,0.426597,0.103507,-0.402986
-0.177132,-0.025189,0.239675,-0.328558,0.247415,-0.048680,0.995419,-0.298037,0.399619,0.587124,1.261933
0.782681,0.616722,-0.051291,-0.698083,0.626054,0.510247,0.054030,0.310445,-0.186066,0.515912,0.301951
-0.614685,-0.918694,0.968680,-0.721108,-0.786611,-0.482414,0.373971,-0.694456,-0.243980,-0.851642,-0.465664
-0.284765,-0.989258,-0.892694,0.605754,0.463093,0.033327,-0.627474,0.037520,-0.451428,-0.795722,-0.876207
0.583322,-0.176098,0.449633,0.804797,-0.133038,-0.358570,0.388780,0.672690,0.541354,0.368530,-1.231461
0.797480,0.883805,-0.915327,-0.317760,0.594808,0.946566,0.732592,-0.585562,0.827335,0.501924,1.786594
-0.915081,-0.756708,0.438139,-0.741178,-0.403016,0.848939,0.826268,0.937015,-0.303099,-0.700704,0.562366
0.808180,0.563996,0.429097,-0.881979,0.575953,0.237069,-0.471108,-0.950664,-0.705900,0.630011,-1.662583
0.758236,0.727127,-0.277488,0.391363,0.756622,0.822793,-0.477802,0.094152,-0.858084,0.639234,-1.797243
0.801445,-0.419472,-0.250277,0.192824,-0.649738,0.727139,-0.916050,0.227620,0.757903,0.920213,-0.191091
-0.855948,0.181866,-0.913412,0.341068,0.460397,0.839738,0.555581,0.337853,-0.794533,0.406505,0.748281
-0.454637,0.268633,-0.178239,-0.713945,-0.360903,0.014657,-0.172006,-0.471219,0.363274,0.322941,0.400541
0.211302,0.337885,-0.461366,-0.020007,0.550629,-0.626048,-0.570156,0.617275,0.326766,0.899936,-0.276539
0.733435,-0.827812,0.762630,0.130845,-0.782538,-0.264318,0.695237,0.176476,0.055521,0.568839,-0.479410
-0.700938,0.780494,0.680103,0.837142,-0.501410,0.950283,-0.330346,-0.001265,0.135872,-0.748641,-3.254069
-0.507757,-0.099616,-0.596064,-0.737200,-0.356875,0.422253,-0.292560,0.589495,-0.231764,-0.215520,0.057240
-0.957829,-0.374576,0.897315,-0.502512,-0.392800,0.223790,0.116140,-0.147277,-0.683194,-0.806796,-1.129623
-0.352191,0.230635,-0.822985,0.636948,-0.971454,0.209441,0.787766,0.232237,0.602455,0.682808,0.796789
-0.786217,0.601985,-0.813358,0.224831,-0.639032,-0.844165,0.217029,-0.258025,0.007773,-0.529947,0.853107
0.618365,0.507653,-0.221763,-0.103776,0.027454,-0.340499,-0.935865,-0.361179,-0.381178,-0.910541,0.295765
0.411022,0.887244,-0.333644,0.265542,-0.039042,-0.338346,-0.417621,-0.968274,0.264684,-0.757841,-0.706094
0.857243,-0.424946,0.795483,0.541995,-0.462711,0.903976,-0.708294,0.289717,-0.288357,0.601117,-0.995264
-0.628658,0.081320,0.096619,0.473431,-0.252811,-0.269759,-0.393274,0.886599,-0.922661,-0.416173,-0.919728
-0.972199,0.892468,-0.763813,0.484296,-0.510384,-0.630949,0.328665,0.238973,0.754836,0.908706,1.162666
-0.504645,-0.558782,0.907314,-0.099475,-0.571415,0.569876,0.819596,-0.888332,0.715897,0.110533,0.900883
-0.953326,-0.080497,-0.460249,0.972769,-0.341766,0.150345,-0.557877,-0.697299,-0.929686,0.395099,-1.277886
0.360370,0.742485,0.822971,0.502115,-0.742773,-0.210858,-0.449659,0.144236,0.190441,0.870376,-1.750116
0.689480,0.947878,-0.941062,-0.099603,-0.398025,-0.767225,-0.537757,-0.294343,-0.576020,0.049826,-0.367425
-0.403462,0.924897,0.671001,0.698153,0.028372,-0.260673,0.212269,0.565553,-0.284852,-0.084231,-1.839683
-0.864625,0.810145,0.511339,0.672983,-0.553615,0.474514,0.062042,0.688725,-0.658790,-0.488515,-2.464661
-0.030916,-0.557026,0.963657,0.282516,0.982418,-0.197439,-0.439431,0.363635,0.304614,0.674444,-0.193287
0.903137,-0.275413,0.807165,-0.322032,0.846516,-0.317921,-0.261174,0.876340,-0.934133,-0.674269,-1.486287
0.053281,0.085017,-0.192375,-0.086800,0.104966,0.119191,-0.035319,0.842135,-0.075910,0.247127,-0.329621
0.169567,-0.753341,-0.508819,0.219176,0.755719,0.178104,-0.975318,-0.525988,0.264884,0.886466,0.331086
-0.615268,-0.305281,0.936938,-0.059310,-0.279156,-0.731573,0.446996,0.495131,0.940336,-0.821970,1.306651
-0.725174,-0.754880,0.313782,-0.755256,-0.458619,-0.824581,0.517674,-0.834976,0.233037,-0.065412,1.219563
0.215821,-0.756472,-0.795242,-0.493936,0.434923,-0.724007,0.963099,0.685814,-0.186968,-0.897470,1.272346
0.803176,-0.487033,-0.558298,-0.580141,-0.336832,-0.323520,0.062197,0.756238,-0.570628,0.276578,-0.553541
0.210754,0.455702,0.919508,0.124915,0.802872,0.729081,0.100300,-0.064589,0.788302,-0.853905,-1.276595
-0.030944,0.789544,-0.740005,-0.502157,0.679984,0.597702,-0.936849,-0.780406,0.278046,-0.153784,-0.136709
-0.477530,-0.399266,-0.109354,-0.098707,0.584035,-0.468679,0.165842,0.166094,0.712879,0.408513,1.452116
0.317769,-0.526674,-0.457475,0.478058,-0.453007,-0.439320,0.959865,0.250460,0.801421,0.794468,0.380481
0.863749,0.183811,-0.920197,0.371650,0.298828,0.506106,-0.630074,-0.782948,-0.261448,-0.068841,0.007239
0.162386,-0.963006,0.895739,-0.515125,-0.716119,-0.572954,-0.678029,0.704336,-0.579532,-0.373715,-0.423797
-0.535258,-0.087797,-0.255169,-0.319482,0.265066,-0.129753,0.967129,-0.484479,0.152594,0.009545,0.957710
0.455120,0.741535,0.184684,-0.005179,-0.357106,-0.325868,-0.771209,-0.195064,0.443524,0.542812,-0.721278
-0.916126,0.625864,-0.105361,0.142903,0.119195,0.662649,-0.285131,0.259085,0.736462,-0.385709,-0.233561
-0.891777,-0.577907,0.965918,0.297661,0.864812,0.566227,-0.392231,-0.760917,-0.059093,0.258380,0.083511
0.935122,-0.588784,-0.281372,-0.607857,-0.390651,-0.498728,0.885456,0.668349,-0.453161,-0.990268,0.622766
-0.081335,-0.109373,0.160167,0.740078,0.320762,0.512841,0.317353,0.365874,0.112103,-0.459742,-1.040621
-0.588403,0.975407,-0.698811,-0.845189,-0.156312,0.270205,0.603687,0.018676,-0.563237,0.722600,1.206511
0.001435,0.197135,0.348639,-0.330813,-0.343857,-0.682323,-0.812337,-0.982427,0.139717,-0.673463,-0.680458
0.189441,-0.471099,0.945267,-0.522414,-0.730482,0.545496,0.575832,-0.198505,-0.792701,-0.767310,-0.526943
0.027226,-0.869379,-0.472707,-0.772456,0.759293,0.651383,0.269070,-0.481842,0.848914,0.069800,2.711653
0.272128,-0.340911,-0.129563,0.929213,0.786864,0.394435,-0.697529,-0.394341,-0.099889,-0.123521,-1.905396
0.105994,-0.408752,-0.510451,0.843957,0.060140,-0.242225,0.770761,0.143541,-0.155368,0.593517,0.413562
-0.167546,0.942523,0.762063,0.336339,-0.316553,0.327223,-0.024440,0.277595,0.774458,0.901980,-0.334543
0.271517,0.179529,0.823245,0.710574,-0.453008,0.039557,-0.447261,0.069020,-0.188590,-0.038549,-2.033650
0.569355,-0.868543,0.770918,-0.826139,-0.338874,0.673968,0.992214,0.306965,0.412813,0.231512,0.782491
0.923516,-0.849489,0.856872,0.963977,0.772461,0.717526,0.979049,0.837281,-0.882703,-0.916109,-1.620260
-0.377303,0.989535,-0.102333,0.955928,0.788855,0.489355,0.672761,0.185501,-0.396902,0.076969,-0.221191
0.730486,-0.023953,0.235123,0.989540,0.921195,0.811819,0.052746,-0.540854,0.412206,0.227587,-0.971352
0.086245,-0.384309,0.748122,0.096782,0.842138,-0.636580,-0.877267,-0.849569,0.818338,0.331489,1.312914
-0.890421,-0.190158,-0.540484,-0.779655,0.680745,0.883679,-0.446728,-0.520067,0.636786,-0.220851,1.169329
-0.916906,0.649111,0.081921,0.731927,0.364807,0.888834,-0.670108,0.806209,-0.732066,0.871217,-1.671962
0.292637,0.543732,-0.290423,0.288306,-0.640442,-0.068413,-0.679505,-0.346151,-0.828464,-0.560315,-2.139238
0.264840,-0.937680,-0.895727,0.787269,-0.071878,0.821791,0.604861,0.488663,0.564193,-0.682454,0.739376
0.675725,0.264806,-0.401546,0.293226,0.604379,0.572879,-0.013441,-0.045742,-0.858385,0.849336,-0.019649
-0.478880,0.746487,0.731326,0.333416,0.427042,0.322259,-0.652726,0.556889,0.403728,0.017517,-2.530967
0.598106,0.502549,0.704772,-0.184615,0.939299,0.918286,0.484487,0.450810,0.658578,0.122172,0.238350
0.617619,-0.204390,-0.566039,0.867134,0.720369,0.561465,-0.576975,-0.363123,-0.893297,-0.811549,-0.943137
0.827149,-0.006342,-0.683771,-0.363132,0.855228,-0.265216,0.286011,0.954018,0.961810,0.067143,1.999839
0.526770,0.327050,0.232808,-0.865230,-0.542395,0.976112,0.851932,0.595950,0.553386,-0.738880,-0.603327
-0.428826,-0.363904,0.211528,-0.814786,0.291537,0.651119,0.387425,0.135114,-0.407583,0.400469,0.342520
0.932740,0.345472,-0.599605,0.188700,-0.228213,-0.523788,-0.247002,-0.341523,0.092561,0.380449,0.587626
-0.091203,0.185683,0.656320,-0.382919,0.472109,0.441925,0.673372,0.767183,0.712171,0.057465,0.443379
0.355825,0.626583,-0.228047,-0.047206,0.021921,0.946346,-0.263846,0.235022,-0.151470,-0.642335,-0.383855
-0.487825,0.064688,0.257148,0.389681,0.577869,0.606186,-0.100212,0.902773,-0.875129,-0.158803,-1.445356
-0.667799,-0.061587,0.885913,0.856024,0.088346,0.427326,-0.730713,0.767343,0.996364,-0.985084,-2.506026
-0.627432,-0.881121,-0.125490,0.217369,0.893972,0.917373,0.310316,0.397601,-0.613379,-0.337410,-0.416251
0.827061,-0.682813,-0.276983,-0.603488,0.142863,0.196428,0.583807,-0.129263,-0.190810,0.889957,2.022255
0.703907,-0.468805,-0.196584,0.980574,0.111077,0.751092,0.349234,-0.570355,0.872023,-0.754617,-0.958475
0.637497,-0.809866,0.383101,0.621489,0.469562,-0.737713,0.104632,0.276857,0.804299,-0.948770,-1.047369
-0.626232,-0.180678,0.103795,-0.974229,-0.068524,-0.861357,-0.592617,-0.086079,0.765699,-0.258505,2.199447
-0.510039,0.676803,0.579878,-0.484779,-0.997157,-0.602277,-0.352238,0.954510,0.975706,-0.560279,-0.846288
0.791169,-0.198378,-0.141388,-0.781723,0.815434,0.789065,-0.012120,0.156612,0.226892,-0.433340,0.231965
-0.988274,-0.928358,-0.757826,0.467514,0.276846,0.545489,0.129040,-0.955933,0.816436,0.244561,1.459407
-0.031116,0.170391,0.324811,0.930993,0.782412,0.167127,-0.994003,0.823617,0.791770,-0.754604,-1.161067
0.143321,-0.497165,0.540512,0.092511,-0.579280,0.207798,0.673612,-0.905037,-0.947862,-0.754152,0.205112
-0.042241,0.053714,0.313694,-0.391403,-0.318922,-0.069244,-0.255322,0.515274,-0.941309,0.428571,0.444045
-0.772507,-0.706159,-0.035407,0.612455,0.018981,-0.364845,-0.967713,0.291835,0.861479,-0.407553,-0.653232
0.835962,0.230292,-0.255537,0.591591,0.439479,-0.128171,-0.542913,-0.230186,0.550033,0.061778,-0.321438
-0.325973,-0.217051,0.685612,0.946060,0.436386,-0.301636,0.712534,-0.611246,-0.033684,0.423022,-0.125500
-0.837339,0.106809,0.943645,-0.135410,-0.799120,-0.620622,-0.623680,0.008880,0.073754,-0.840544,-1.342478
0.082380,-0.380326,-0.743024,-0.919835,0.174075,-0.258759,0.785898,0.466388,-0.365187,0.553087,2.324242
0.642526,0.402324,0.175067,-0.783968,0.807477,0.684038,-0.260896,-0.284967,0.241195,-0.669067,-0.222701
0.151777,0.405624,0.989846,0.073876,0.034600,-0.450534,-0.949675,-0.486235,-0.204361,-0.062022,-1.500968
-0.553857,-0.041798,0.503290,0.870520,0.199114,-0.678293,-0.774205,0.671650,-0.640805,0.889919,-1.008167
-0.480302,-0.294907,-0.961027,-0.445748,-0.534017,-0.929658,-0.103651,0.016834,0.219573,-0.780106,1.821729
-0.611241,0.951625,-0.970092,0.543546,-0.241962,-0.766583,0.469253,0.352376,-0.395380,0.597485,-0.468223
0.812707,0.603020,-0.475823,-0.014159,-0.065517,0.973013,-0.088254,-0.940340,-0.492842,-0.534377,-0.898505
0.756519,-0.089423,-0.247188,0.693981,-0.796912,-0.679924,0.121436,0.679148,-0.792219,0.763574,-0.242618
-0.162534,0.838164,-0.572618,-0.992675,0.440239,-0.115861,0.081400,0.369752,0.307882,-0.090017,1.414603
-0.626006,0.089712,0.544986,0.165810,-0.112717,0.890532,0.401185,-0.306992,-0.224726,-0.703072,-1.133487
-0.416145,0.452465,0.153301,-0.678243,0.925727,-0.048958,-0.287357,-0.666206,-0.415295,-0.015613,0.980559
0.417663,0.734091,-0.170158,-0.189455,-0.148019,-0.680821,0.671465,-0.413672,0.730758,0.685890,1.475803
-0.612798,0.648791,-0.867292,0.602934,-0.190116,0.303141,0.868283,-0.488285,0.272305,-0.816500,0.005810
0.231812,-0.927562,0.198090,-0.219040,-0.868570,0.563805,-0.573201,-0.755252,0.399982,-0.304340,1.541406
-0.009641,0.755109,0.555716,0.839683,0.515676,-0.076687,0.087244,0.278746,-0.471986,-0.217530,-1.675922
0.790878,0.160255,0.970804,0.129198,-0.357867,-0.772717,0.172354,0.159571,0.304199,0.679082,0.154826
0.478486,-0.306183,-0.371234,-0.060429,-0.500256,0.441883,0.337477,-0.852701,-0.530111,-0.310426,0.199926
0.055885,0.102996,-0.636822,-0.750019,0.347602,-0.234188,0.133232,0.412959,0.679764,0.031285,2.219828
-0.374651,-0.648878,0.844700,0.791610,-0.011951,-0.200481,-0.113443,-0.138555,-0.788245,-0.852176,-0.621178
-0.519418,-0.526024,0.360124,-0.920253,0.228948,-0.900511,0.927943,-0.982792,0.367664,-0.520336,1.821577
0.737987,-0.759288,0.232637,0.855754,-0.154515,0.216927,-0.679534,0.563515,-0.888311,-0.883007,-2.103471
0.215043,-0.250680,-0.557456,-0.155609,0.666262,0.402509,-0.272692,-0.228150,0.090046,-0.887868,-0.094497
0.102780,0.985475,0.359078,-0.577330,0.345503,0.500794,0.155774,-0.319191,-0.747497,-0.498358,-0.969185
0.545631,-0.117629,0.147866,-0.288775,0.236139,0.607547,-0.128553,-0.452634,0.106283,-0.777202,-0.688276
0.350042,-0.822037,0.515086,-0.397099,-0.642914,-0.813888,0.627800,-0.094328,0.544866,-0.018230,1.633408
-0.570587,0.440895,-0.326927,0.289105,-0.335678,0.658663,-0.980540,0.736320,-0.401869,-0.994111,-2.319504
-0.042940,0.498116,0.023796,-0.938577,-0.280832,0.220747,0.605365,0.326148,0.204224,-0.245705,1.094386
0.536595,0.363021,0.860629,-0.699091,0.920995,0.182369,0.178076,0.669751,0.379414,-0.643682,-0.088461
0.621772,0.706549,0.817630,-0.181146,-0.701642,-0.570242,0.715310,-0.229135,0.638071,-0.897415,0.611909
0.782345,-0.187279,-0.634449,-0.171417,0.664569,0.140702,-0.284049,-0.563397,-0.693545,-0.884441,0.640447
-0.195609,0.639304,-0.505076,0.957039,-0.542297,0.310704,-0.410762,-0.472669,0.970407,-0.126853,-1.186930
-0.555309,-0.574399,-0.004526,0.523396,0.510266,-0.081365,0.930274,-0.704853,-0.948720,0.891051,-0.659558
-0.385103,-0.313701,0.607343,0.496259,0.906473,0.634547,-0.568267,0.307317,0.336599,-0.408346,-1.508951
-0.509232,0.378947,-0.768532,-0.456345,-0.996060,-0.939100,-0.899683,0.846225,-0.869385,0.700365,0.033925
0.548356,0.791938,0.992626,-0.572807,0.346030,-0.142261,0.796470,0.349800,-0.222993,-0.747360,-0.742537
-0.251311,0.382901,-0.630372,0.377729,-0.322061,-0.820538,-0.977405,-0.066599,0.039698,0.830123,0.446754
0.507921,0.396982,0.137955,0.984183,0.461889,-0.835267,-0.648675,-0.181760,0.093156,-0.746345,-1.761935
-0.698163,-0.733426,-0.829836,-0.226997,0.939111,0.613585,-0.778195,-0.989228,0.158139,-0.209777,1.880144
0.038661,0.190889,-0.589489,-0.310002,0.675755,0.757382,-0.330345,0.173142,-0.792877,-0.733153,0.794783
0.351989,0.831631,0.274143,-0.850769,0.831676,0.037291,-0.179479,-0.753706,-0.731748,-0.838218,0.393503
-0.074639,0.269289,0.567307,0.468510,0.034248,0.270945,-0.923963,-0.837049,-0.166754,0.684254,-2.241979
-0.909924,-0.803742,0.603243,-0.127886,0.937143,-0.685056,-0.646861,0.821091,0.983701,-0.746310,1.185585
0.930810,0.857839,-0.567844,0.835054,0.724367,-0.979274,0.885688,-0.202162,-0.530736,-0.270800,0.920537
0.789868,-0.636960,0.833500,-0.448821,0.173678,0.112570,-0.841421,0.262104,0.365122,0.639325,-1.122994
0.608720,-0.915346,-0.418348,0.624434,-0.913283,-0.876215,0.998130,-0.032904,-0.412283,0.029375,1.486057
-0.364562,-0.549548,0.365104,0.423526,0.694127,0.678151,0.540046,-0.218865,0.165922,-0.343172,0.932934
-0.240154,-0.169166,0.196093,0.790514,0.222504,0.115488,-0.425976,-0.872303,0.547460,-0.198466,-0.489347
0.765646,-0.629838,-0.984600,-0.599278,0.066975,0.023491,-0.605527,-0.503415,0.094361,0.072269,0.817960
0.787896,-0.615315,-0.017836,0.075867,-0.372110,0.903185,-0.793484,0.558352,0.426299,-0.372726,-1.184899
-0.347268,-0.442975,0.224431,0.560025,0.595474,-0.469243,-0.420708,-0.229134,0.854936,-0.136221,-0.934485
-0.820372,-0.858649,0.722118,-0.971541,0.682417,0.124914,-0.524804,-0.315782,-0.719806,0.276311,0.111373
0.719898,-0.579985,0.731012,-0.916028,0.168891,-0.734042,0.273370,-0.979603,0.459964,0.196821,2.061390
0.325130,0.578005,0.065103,0.412184,-0.207731,0.650172,-0.765159,-0.549565,-0.178005,-0.773641,-1.778601
0.112930,0.634401,0.696399,0.182877,0.399559,0.267387,0.562548,-0.776707,-0.286231,0.288128,0.557768
0.330256,0.645145,-0.700650,0.631767,0.089590,0.948373,-0.260584,-0.041831,0.920475,0.071782,-0.772033
-0.250910,0.183254,0.353827,0.519127,0.374351,-0.720044,0.464960,0.018382,0.720475,-0.552358,0.049978
0.697953,-0.289010,-0.668217,0.333980,-0.135757,0.314674,-0.865556,0.179949,-0.475699,0.231908,-0.834743
-0.760755,-0.956168,0.837935,0.104304,-0.370242,0.050052,-0.774143,-0.573166,-0.777928,0.790815,-1.024455
-0.340022,0.456543,0.132254,-0.473513,-0.546042,-0.706016,0.099673,0.962447,0.345922,0.890814,1.190134
-0.162814,0.232591,0.939716,0.163068,0.883147,0.862328,-0.368344,-0.769501,0.263699,0.281758,-1.194184
-0.014890,0.586589,0.844931,0.047488,0.045416,-0.050504,0.480671,0.178986,-0.485503,-0.352377,-0.701325
-0.429452,-0.016104,0.765001,0.740593,-0.223408,0.442053,-0.564517,-0.841108,-0.406102,-0.655739,-2.823465
-0.284000,-0.368794,0.326988,0.800550,0.382634,-0.200069,0.355768,0.352030,-0.719738,0.384707,-0.110653
-0.771449,-0.980204,-0.347645,0.057967,0.649841,-0.158694,0.658951,-0.425137,0.578635,0.820251,3.272295
-0.321472,0.089893,-0.851789,0.866181,-0.024356,-0.225448,-0.756490,0.193870,0.783037,-0.582065,-0.468229
-0.992241,-0.176546,0.526160,0.537346,0.971593,0.727227,-0.181260,-0.369302,0.137248,0.823938,-0.534717
0.964616,-0.932087,0.051997,0.601109,-0.032457,0.549289,-0.702341,0.909206,-0.284627,0.481875,-1.331134
-0.516458,0.128404,0.757150,-0.012780,-0.529549,0.421126,-0.748876,-0.770972,-0.226583,-0.117438,-1.786759
-0.616173,0.428916,0.172918,-0.734613,-0.671849,0.327245,-0.718569,-0.028202,-0.560487,0.310204,-0.720079
-0.850288,0.944248,-0.686872,0.638478,0.992713,-0.948033,0.870121,-0.602327,0.258182,0.996231,1.981322
-0.395986,0.579723,-0.840001,-0.825910,0.324610,-0.597970,0.406983,0.584691,0.806663,-0.948980,2.080019
-0.209230,0.294393,-0.353496,-0.301167,0.968076,0.419607,0.349280,-0.862422,0.829356,0.805563,0.933997
-0.280485,-0.896246,-0.881487,0.052258,0.489710,0.705239,-0.897011,0.377174,-0.599183,0.951526,0.373227
-0.359833,-0.045871,-0.629859,0.224866,-0.489509,0.729999,0.645648,0.599335,0.074481,-0.804718,0.521412
-0.981258,-0.947645,0.120876,0.658283,0.148238,0.739425,0.662410,-0.661705,0.493168,-0.509686,0.630674
0.757059,-0.894343,0.720191,-0.979939,0.166971,-0.590409,-0.795713,-0.949779,-0.158032,0.306718,-0.203154
-0.868819,0.590904,0.280836,0.186564,-0.934530,0.339508,-0.074672,-0.502676,-0.758829,-0.234498,-0.675068
0.814194,-0.661532,0.118696,-0.990229,-0.172721,-0.824020,0.960787,0.109416,-0.524303,-0.236329,1.660447
-0.887461,0.045176,0.225781,0.894838,0.927248,0.532655,-0.604320,-0.623450,-0.569204,0.129468,-1.660100
-0.147720,0.306318,0.912677,0.983553,0.045959,-0.386751,-0.122306,-0.034682,-0.942990,-0.659717,-1.534086
0.145064,-0.399963,-0.072818,0.989313,-0.655036,-0.157432,-0.115966,0.276444,-0.912870,-0.273301,-2.536642
-0.081107,-0.151844,-0.885049,0.935608,-0.021375,0.378063,0.041089,-0.130845,-0.767183,0.747925,0.595788
-0.129534,-0.543862,0.992150,-0.711090,0.666860,-0.870848,-0.450722,0.985424,-0.936838,0.352468,-0.088044
0.814844,0.765192,0.518166,0.743330,0.030499,-0.632123,0.591151,-0.642311,-0.665769,-0.105434,-1.996576
0.083749,-0.611904,0.630943,0.898076,0.926124,0.690338,-0.485453,0.862038,-0.517852,-0.657248,-2.810059
0.746225,0.605244,-0.598311,0.437364,-0.179708,-0.308118,0.302416,0.526365,0.947808,-0.434475,-0.084872
-0.527425,0.831866,0.156949,0.301056,0.031713,0.388954,-0.199785,0.250124,0.918530,-0.524963,-0.555506
0.173747,-0.140237,-0.407099,0.281467,0.562614,0.698527,0.861994,-0.721077,-0.744624,-0.029162,0.941798
-0.832949,-0.038490,0.972517,0.844647,-0.512124,-0.283719,-0.392780,-0.460905,-0.197123,-0.101105,-1.992810
0.585341,-0.581952,-0.164635,-0.412698,-0.062396,-0.714889,-0.357316,-0.030587,-0.571072,-0.049144,-0.793988
-0.457551,-0.958419,-0.790886,-0.657277,-0.303886,0.965490,0.003288,0.391572,-0.359380,0.149521,0.573680
-0.700750,0.422497,0.887481,-0.935538,0.650531,-0.505967,0.602416,0.962543,-0.131855,-0.268812,-0.169185
0.576119,-0.887422,0.808686,-0.248849,0.814354,0.397972,0.740833,-0.226721,0.195598,0.186316,1.964953
-0.727488,0.771845,-0.430080,0.639143,0.582494,0.320392,0.745683,-0.665682,-0.782755,0.108584,0.373563
0.362776,0.321692,-0.285281,0.050050,0.542754,-0.857737,-0.114791,-0.596786,0.662714,0.570933,1.099519
-0.213665,-0.829923,-0.676753,0.847458,-0.491620,0.904778,-0.247295,-0.443826,-0.641472,-0.592177,0.102550
-0.189132,-0.651221,-0.870627,-0.135040,0.779272,-0.857066,-0.967871,0.113324,0.745710,0.423596,1.757067
-0.136442,-0.394779,0.071238,-0.317119,-0.011886,-0.990134,0.168410,0.060789,-0.184476,-0.552627,-0.514055
0.194247,-0.309385,0.664681,-0.279984,0.856819,-0.746493,0.614470,0.562591,0.974101,0.584508,1.002422
-0.135288,0.334154,0.795547,0.155400,0.360859,0.862227,-0.999547,-0.126662,0.692089,-0.729414,-0.616812
0.094488,-0.907032,-0.516479,0.792182,-0.240658,-0.417058,0.296758,0.305590,0.826284,0.719992,1.219440
-0.299809,-0.522212,-0.382485,-0.969900,0.790065,0.185154,0.183112,0.040585,0.305268,0.905738,2.476892
-0.365240,0.365316,-0.459613,-0.935759,-0.601551,-0.133106,-0.243137,0.898344,-0.427066,0.467710,1.055251
-0.738586,0.018556,0.536531,-0.658359,-0.545384,-0.089163,-0.106034,0.080846,0.631709,0.500541,1.163311
-0.972978,-0.351198,0.785801,0.828446,0.366066,-0.901783,-0.507717,0.298449,-0.181176,0.941819,-1.276638
0.409227,-0.400753,-0.551780,0.283980,-0.662584,-0.937722,-0.852118,-0.032085,0.584409,-0.187334,0.110692
0.503373,-0.903242,-0.141636,0.895133,0.194723,-0.199305,0.379380,0.938087,-0.666039,-0.961124,-1.561809
-0.755062,-0.865181,-0.806926,-0.626482,-0.687365,0.642512,0.402280,0.607608,-0.865747,0.024594,1.319300
-0.388963,-0.794976,0.759348,-0.756986,0.969539,-0.462452,0.230369,0.713620,-0.453655,-0.526148,0.379407
0.984369,0.576017,-0.227837,0.763534,0.171411,0.507533,-0.837697,-0.483670,0.533202,-0.638939,-1.606602
-0.350763,-0.056366,-0.703393,-0.816711,0.494853,0.539458,0.525078,0.484267,0.963300,-0.754935,2.843980
-0.833928,0.995183,-0.485558,0.677853,0.371888,-0.799164,0.667971,-0.740469,0.310617,0.707159,0.461162
0.702788,-0.484228,-0.414174,0.026658,0.653442,-0.403585,-0.322858,0.259790,0.828527,-0.690926,0.464778
-0.975349,0.102767,-0.285650,0.619988,0.358049,0.840037,0.163485,0.605977,-0.430896,0.370791,-1.077655
0.130592,-0.131388,-0.221466,0.236703,0.065288,-0.948116,-0.714088,-0.711971,0.912818,-0.901384,-0.275700
0.574577,-0.316527,0.037787,0.929156,0.528142,0.715057,-0.300568,0.556265,-0.401909,-0.779348,-0.128621
0.388711,-0.466165,0.450090,-0.857619,-0.943451,0.473277,-0.959259,-0.996484,-0.884869,0.237804,-0.565340
-0.785776,-0.443135,-0.655803,0.883224,0.316660,-0.836458,-0.472188,0.888659,0.118174,0.241149,-1.422458
-0.040092,-0.969974,-0.473791,-0.894293,0.040572,0.974506,0.087434,-0.776248,0.662595,-0.719543,1.632289
0.098392,-0.942572,0.777476,-0.422443,0.798781,-0.686123,0.047389,0.926288,-0.219592,-0.426817,0.443017
0.630580,0.346675,-0.198662,-0.116194,0.365590,0.040787,-0.559349,0.196397,0.231123,-0.843057,-0.373621
0.955889,-0.343659,-0.524759,-0.430665,-0.385332,-0.887741,-0.420399,0.001034,0.824966,-0.833289,0.036764
-0.623957,0.738345,-0.922633,-0.893261,-0.220923,-0.540559,0.494124,0.229156,0.327082,-0.684922,1.991120
-0.019551,-0.615314,-0.652449,0.609568,-0.848390,0.555733,0.900165,-0.298590,-0.113932,-0.544371,-0.503405
0.677348,-0.198196,0.192254,0.813540,0.785948,-0.455686,-0.546475,0.952665,0.219692,0.482694,-0.824933
0.966842,0.553271,-0.334061,0.596277,0.737688,0.842310,0.428962,-0.029000,-0.224614,-0.044416,-0.008175
0.787415,0.105157,0.222435,0.450955,0.110032,-0.511655,-0.017956,0.119056,0.906767,0.025388,-1.369882
0.532757,-0.449684,-0.546634,-0.297529,0.327055,-0.918580,-0.559140,-0.461946,0.194250,0.569724,1.084328
0.409991,0.696008,-0.681793,0.005809,-0.495334,-0.972818,0.645097,-0.441447,0.427273,0.947487,1.248885
0.010882,0.682281,0.710460,-0.743248,-0.919267,-0.555620,0.398859,0.353812,0.553312,-0.223881,-0.478889
0.901243,0.267067,0.705709,-0.483139,0.409377,-0.244737,0.526197,-0.002487,0.722086,0.982000,0.966366
0.965999,0.491674,-0.133303,-0.244005,-0.050582,-0.236692,-0.145124,0.235690,-0.827935,-0.136112,-0.484611
-0.170901,-0.275392,0.006157,0.239219,-0.728963,0.139580,-0.873692,0.855293,-0.672105,-0.073221,-0.812132
-0.397087,0.517407,0.514873,0.058675,-0.922433,0.964182,0.067220,0.211200,-0.123644,-0.239129,-2.238933
-0.957790,-0.201633,-0.684265,0.440944,0.351999,-0.986984,-0.424468,0.178310,-0.718359,0.983273,-0.139790
-0.920701,-0.140223,-0.920579,-0.974412,-0.450484,-0.339357,-0.371751,-0.351228,-0.892237,-0.247208,1.967869
0.700713,0.872832,-0.006465,0.854378,0.354115,-0.143913,0.678205,0.114515,-0.609858,-0.420202,-2.573666
-0.886948,-0.920710,-0.534832,-0.983945,0.392373,0.628438,-0.676926,0.515234,-0.981163,0.846188,0.880403
0.311790,0.900620,-0.438364,-0.813549,-0.827395,0.497610,-0.983207,-0.599322,0.132204,-0.591189,-0.601329
0.475339,-0.071531,0.775320,-0.924982,0.770627,0.656545,0.083688,0.735904,0.408372,-0.706890,-0.737792
-0.445060,0.981140,0.518201,-0.927819,-0.244524,-0.148402,0.171484,0.365286,-0.566561,0.559998,0.650602
-0.703799,-0.017048,0.578942,-0.585355,-0.219546,0.484630,-0.936248,0.647574,-0.912081,-0.168903,-1.511453
-0.765889,0.534690,0.872068,-0.865486,-0.735654,0.042808,0.573665,0.388852,-0.396203,-0.542028,-1.553601
-0.897141,-0.605816,0.661790,-0.827999,-0.167253,-0.419427,0.389730,-0.155958,0.191432,0.002207,0.468646
0.798631,0.246261,-0.703981,-0.976727,-0.427583,-0.935433,-0.485038,0.951865,0.389496,-0.977553,0.497230
-0.212568,-0.833406,0.672874,0.907939,-0.829225,0.245052,-0.358362,-0.131058,-0.815182,-0.721590,-3.095858
0.877151,0.489436,-0.895258,-0.181406,0.513053,0.150731,-0.448537,-0.948902,-0.321801,0.929945,-0.191889
0.964451,0.592626,-0.805479,-0.698325,-0.669381,0.917834,-0.259171,0.078945,0.370282,-0.830886,-0.195792
0.559692,-0.708874,0.579095,0.440765,-0.840344,0.046762,0.566464,0.032711,0.134446,-0.483585,-0.148314
-0.399923,0.168735,-0.086735,0.314308,0.859767,0.362486,-0.091589,-0.390430,0.956318,0.608265,0.029879
-0.700189,0.329384,-0.638704,0.734575,-0.410200,-0.751501,-0.047896,-0.546208,0.933063,-0.216397,0.050338
-0.063579,0.424919,-0.423884,-0.689691,0.272709,-0.507324,-0.957425,-0.498087,-0.673099,-0.946009,0.044945
-0.660586,-0.305268,-0.433666,-0.135101,0.226778,-0.025342,-0.216682,-0.629606,0.919434,-0.252245,1.854213
-0.698353,-0.895654,-0.603489,-0.501397,0.030388,-0.123847,0.413426,-0.678350,0.099424,-0.528205,1.244564
-0.100958,0.557018,-0.222131,-0.594885,0.981854,0.030863,-0.676557,-0.013304,0.546470,0.600215,2.284921
-0.045711,0.896254,-0.453411,-0.441591,-0.795801,-0.217593,-0.879913,0.877911,-0.163195,-0.651700,-1.352244
0.964281,0.719162,-0.995296,-0.861541,0.357339,-0.051261,-0.363222,0.916111,0.413823,0.636814,1.119091
-0.391334,-0.793861,-0.745004,-0.391701,-0.098923,-0.822324,0.352664,-0.045490,-0.138991,-0.242024,2.246937
-0.918174,0.911559,-0.761359,0.341962,0.941618,0.808427,0.004143,-0.566718,-0.036514,0.104878,-0.531983
0.136127,0.985269,-0.329222,0.675354,-0.123287,-0.130420,0.897752,-0.522270,0.280771,0.057403,-0.348053
-0.776536,0.284594,0.779549,0.202037,-0.657012,-0.099546,-0.324681,0.138265,-0.996472,0.516080,-1.811446
0.120332,0.938218,-0.506232,0.567453,-0.480535,-0.364670,-0.763255,0.660928,0.217330,0.903100,-1.653875
0.795834,0.656652,-0.348002,-0.816987,-0.791337,-0.615564,-0.670482,0.864269,0.529413,0.913266,0.165590
-0.452307,-0.653601,0.443394,0.288934,-0.046040,0.228582,-0.096270,-0.106460,-0.355101,0.737162,-0.761621
-0.949298,-0.193406,0.685793,-0.407764,0.606760,-0.717149,-0.671602,0.078427,0.457669,0.363671,0.024502
0.645569,-0.980890,-0.118737,-0.581041,-0.451939,-0.692698,-0.574595,-0.445082,-0.235877,0.457835,2.065412
-0.775522,-0.779532,0.919401,0.161321,0.027233,-0.224572,0.361762,0.370005,0.895339,-0.378634,-0.575186
0.973238,-0.182930,-0.266011,-0.662622,-0.269636,0.331848,0.609098,0.109482,0.819396,0.741761,0.973809
0.825111,0.082134,-0.690644,-0.422964,-0.545250,0.568782,0.750813,0.244104,0.443164,0.060728,0.616193
0.460665,-0.799515,-0.605271,0.925430,-0.665212,-0.580802,-0.607839,-0.313485,-0.386066,0.154384,-0.902166
-0.822476,-0.638119,0.341009,0.203935,-0.025875,-0.315100,-0.171096,-0.294549,0.931089,-0.126257,-0.195364
-0.723855,0.509889,0.355434,0.310855,-0.085752,-0.041056,0.061656,-0.173638,-0.144324,0.166285,-0.870050
0.732199,0.145217,0.290341,0.302870,-0.479166,0.068285,0.147498,0.235536,0.181178,-0.013183,-0.676989
-0.132281,-0.921414,0.872128,0.216647,0.332458,-0.827721,0.549920,-0.892815,0.738068,-0.102451,1.751142
-0.674904,0.407926,0.767898,-0.828378,0.493543,-0.525744,0.802170,0.039160,0.437267,-0.011867,0.901078
0.897187,0.975342,0.769929,0.863773,-0.192593,0.698415,-0.629080,0.958790,0.499256,0.504017,-1.735102
0.227317,0.136740,-0.248525,-0.052848,-0.942292,0.217205,0.830503,-0.497358,0.376228,0.745703,1.670400
-0.509276,0.685782,-0.899079,-0.612476,0.998059,-0.859700,0.567602,-0.704218,-0.539742,0.278290,1.774334
0.357648,0.116434,-0.911531,0.285831,0.298732,-0.106529,-0.947022,0.689763,0.970526,-0.466289,-0.409190
-0.651928,0.730217,0.375457,0.693892,-0.766027,-0.004260,-0.475002,0.815076,0.398340,-0.399539,-1.783297
0.061172,-0.072664,0.295655,0.499512,-0.124359,0.674145,-0.331933,-0.389907,-0.452347,0.799590,-0.660471
-0.263246,0.627871,0.690179,-0.815174,-0.551416,-0.359676,0.890463,0.537790,-0.234567,0.960422,1.256655
-0.914384,-0.996822,-0.840327,-0.875332,-0.470332,-0.087572,-0.460811,-0.289061,-0.941984,0.815622,1.698188
0.789238,-0.498456,-0.836666,0.322763,-0.132800,-0.532282,-0.653748,0.202431,0.538459,-0.487052,-0.973773
-0.079389,0.482184,0.074462,-0.953791,0.380641,-0.041214,-0.223806,0.204950,0.250840,-0.711826,0.428501
-0.474173,-0.128728,0.352060,0.126183,-0.531471,0.424376,-0.127156,-0.220848,-0.609280,-0.737156,-1.357782
-0.876920,0.734791,0.623556,-0.772546,0.101266,0.832833,0.020363,-0.298299,-0.831171,-0.289836,-1.435917
0.978324,0.275886,-0.347480,-0.342453,0.247104,0.032393,0.375501,-0.373605,0.802885,-0.167965,1.576198
-0.438946,0.821476,-0.292387,0.464557,0.569981,-0.468409,-0.553648,0.889961,-0.920591,-0.704319,-1.862612
0.125028,0.576855,-0.882001,-0.176444,0.799031,0.887950,0.886288,-0.806210,-0.308723,-0.528943,1.656713
0.541952,0.304142,0.629120,-0.709322,0.970064,-0.733167,0.124926,0.872958,0.552439,0.089284,0.092011
0.842608,0.105720,0.659500,0.109734,-0.340704,-0.758187,0.074559,0.997574,0.744040,-0.441433,0.217124
-0.088860,0.257274,0.939866,-0.582779,0.104160,-0.056678,0.715734,-0.975484,-0.827615,0.653266,1.512117
0.782821,-0.452758,-0.528282,-0.156908,0.623957,0.440532,-0.264241,-0.506338,0.084466,0.430328,0.739823
0.144542,0.724126,-0.330565,-0.259391,0.968961,-0.670771,0.357007,-0.348663,-0.388470,0.521958,1.369823
-0.063705,0.201212,0.526272,-0.941916,0.788051,-0.885574,0.421336,-0.320065,-0.782385,-0.077523,1.275344
-0.097647,-0.282521,0.014484,-0.786365,-0.128593,0.377815,-0.623326,0.775965,0.604666,-0.295078,0.467797
-0.131772,0.758198,-0.958465,-0.265813,-0.098091,-0.526012,0.736863,0.107678,0.392906,-0.943904,1.310302
0.032659,-0.453381,-0.740081,0.960596,0.529965,-0.960490,-0.255610,0.209079,0.812720,-0.812222,-0.051351
0.505247,-0.705148,-0.145428,0.933287,-0.124222,0.823716,0.950903,0.539815,0.694117,0.284395,-1.186807
-0.316524,0.725829,-0.589739,0.706589,0.696912,-0.232520,0.195314,-0.193612,-0.847289,-0.732150,-1.438643
0.201045,-0.606531,-0.135981,0.218872,-0.672925,-0.086002,-0.894257,0.010021,-0.135140,-0.957014,-0.963181
0.358074,0.138614,0.778052,-0.582400,0.321564,-0.369309,0.017931,-0.576774,0.710788,0.299732,0.858068
-0.343093,0.617872,0.770661,-0.464338,0.827581,-0.814839,0.136084,0.381344,0.993731,-0.452959,0.225215
0.723206,-0.984588,0.875397,0.486808,0.869488,0.460571,0.419904,-0.869524,0.526426,0.533040,-0.384455
0.490586,0.162378,0.775960,0.734917,-0.979982,-0.360070,0.275341,0.094207,-0.224095,0.396393,-1.821937
0.732452,0.555562,0.753412,0.148274,-0.794832,-0.809549,-0.760860,0.707077,-0.065325,0.467780,-2.031358
-0.464172,0.263712,0.243937,0.845490,0.142616,0.800770,0.781826,0.572145,-0.530772,0.582789,-1.750113
-0.530080,0.160529,0.832009,-0.698568,0.044204,-0.066405,-0.361782,0.140511,0.404152,-0.978413,-0.631855
0.614130,-0.632815,-0.815531,-0.129907,0.168248,-0.941507,-0.542087,-0.719216,-0.615894,-0.948927,1.298702
-0.493079,-0.600237,0.957589,-0.433231,0.494605,0.182062,-0.504178,-0.393130,0.269114,-0.763950,-0.635924
0.521538,0.601325,0.022885,-0.513312,-0.340514,0.915126,-0.505084,0.132500,-0.410815,-0.880824,-1.507011
-0.996129,-0.746471,-0.290318,0.018986,-0.148817,-0.989481,-0.172564,-0.198290,0.885097,-0.573313,1.656188
0.679845,-0.188148,-0.469199,-0.693753,-0.325262,0.446382,-0.848394,0.565897,0.410307,-0.902466,-0.964552
-0.870428,-0.096736,0.534494,0.540247,-0.755323,0.167262,0.620742,0.300838,-0.338286,-0.990964,-0.134275
-0.830547,-0.171747,-0.268667,-0.526212,-0.553189,-0.262135,-0.247902,0.094042,0.811327,-0.914497,-0.740287
0.840819,0.434585,0.606976,-0.271951,-0.754392,0.455981,-0.053055,-0.813824,0.823882,0.361262,-0.343216
0.442372,0.084987,-0.089995,-0.263403,-0.714705,-0.187080,0.265785,-0.502629,0.423888,-0.537965,0.841001
-0.303289,-0.904549,0.855296,-0.581190,0.217322,0.332786,0.756832,0.820716,-0.309166,-0.322388,0.194335
0.879656,0.695998,-0.740443,0.193392,-0.639409,-0.077790,-0.944996,-0.398831,-0.833719,0.876965,-1.532116
-0.181365,0.580981,-0.106043,0.486184,0.980257,0.889794,0.984537,-0.414736,0.353493,-0.976548,0.960968
-0.517179,0.880324,0.354285,-0.371512,0.093292,0.093152,0.322298,0.052571,-0.308056,0.774713,-0.525362
-0.955978,0.151817,0.965299,-0.476263,-0.413134,0.476023,0.353129,-0.670381,0.128128,-0.504348,-0.776306
0.861035,-0.234095,0.052270,-0.173463,-0.707555,0.658024,-0.418232,0.263104,-0.570522,-0.433882,-1.440715
-0.353644,-0.905431,0.650526,-0.093579,-0.143688,0.875067,0.495707,-0.685925,-0.087803,0.078996,0.243278
0.889964,0.079564,-0.084950,0.473363,-0.384371,0.168847,-0.266762,-0.882139,-0.879279,-0.836000,0.100149
-0.124750,0.766369,0.094174,-0.190191,0.105820,-0.503253,0.822792,0.502081,-0.875264,-0.220067,-0.089448
0.057253,0.697901,0.897949,0.041954,0.212978,0.413702,0.895588,0.453528,0.665015,0.872828,-0.368330
-0.810028,0.406065,-0.591120,0.304648,-0.222854,-0.677813,-0.717862,0.799331,0.203862,0.212282,-0.189481
-0.028783,0.057955,0.023298,-0.413049,0.510803,-0.777560,-0.781340,-0.152171,0.347110,0.480274,1.091557
0.138085,0.393152,0.803427,-0.706835,-0.454827,0.252089,-0.637001,-0.743965,0.973436,0.095899,0.923923
-0.302369,0.238674,0.987011,-0.091626,0.563588,0.034546,0.183311,-0.002534,-0.949418,0.599451,-1.333451
0.041412,0.990164,-0.295758,0.431009,-0.486313,-0.790789,-0.347605,-0.208145,-0.306067,-0.905036,-0.696074
0.347970,0.188471,0.807385,-0.812831,0.028072,0.513150,-0.049317,-0.921552,-0.083397,-0.893584,-0.368559
-0.902676,-0.541805,0.998998,-0.758888,0.843096,-0.723426,0.203874,-0.942470,-0.039786,-0.288452,1.244642
-0.101155,-0.712648,0.152607,0.973574,0.034143,-0.417861,-0.965839,-0.286943,0.302229,0.256607,0.032241
-0.221753,0.411062,0.594457,0.085430,0.766996,0.850806,0.440085,-0.267898,-0.531564,-0.787082,-1.001256
-0.771839,-0.515432,0.742573,0.575644,-0.384691,0.142835,0.870338,-0.505220,0.132430,-0.526222,0.585953
0.803895,-0.395028,0.152489,0.245112,0.404975,-0.287479,0.405982,-0.627373,-0.035445,0.548341,0.902557
0.274840,0.297515,0.357212,0.320680,-0.587384,0.386088,0.182253,0.358441,0.135471,0.348944,-0.231404
0.106962,-0.192560,0.786579,-0.573699,0.380523,0.539249,0.190309,-0.563288,0.374420,0.071286,0.887776
-0.459156,0.610649,-0.997888,0.731229,-0.478936,-0.782298,-0.123357,0.226727,-0.172413,0.009339,0.102005
0.327799,0.528635,0.040288,0.225465,-0.215183,-0.323581,0.517240,0.752131,0.379115,0.697007,0.179001
0.236304,0.960763,0.507764,0.643294,-0.260470,-0.496025,0.430841,-0.727218,-0.507954,-0.711268,-0.813693
0.118183,-0.436432,0.459737,-0.674654,-0.983769,-0.431904,-0.623567,0.733334,-0.592849,0.857526,-0.212718
-0.820143,0.337459,0.965450,0.240590,0.321195,-0.174872,-0.032042,0.042915,-0.127899,0.015859,-0.911992
-0.154145,-0.106315,0.929644,0.993529,-0.257475,0.256377,-0.018712,-0.116951,0.062061,-0.672619,-1.907221
-0.252304,-0.211959,-0.600779,0.652621,0.974619,-0.046525,0.086599,0.872396,0.180710,0.846999,0.260333
-0.166662,0.724602,0.282574,0.793004,-0.313165,-0.019534,-0.358425,0.483941,-0.945930,0.609587,-2.675690
-0.496704,0.089987,0.574804,0.370315,0.347778,0.927227,0.613447,0.603968,-0.722627,0.749896,-0.525626
0.424726,-0.872650,0.194234,0.709903,-0.247679,0.467909,-0.325446,-0.427215,0.676579,0.133929,-0.006489
-0.847450,0.160000,-0.302281,0.126780,-0.587147,-0.086641,-0.710482,0.557473,0.181245,0.504220,-1.124413
0.651095,0.976341,0.789044,-0.869715,0.672952,-0.379559,0.208245,-0.792795,-0.539229,0.064563,0.693750
-0.134316,-0.160426,0.436671,0.734708,0.941276,-0.745611,-0.985445,0.508550,-0.453353,0.610126,-1.730876
0.556193,-0.004723,-0.112163,0.354987,0.320092,-0.613052,-0.425371,-0.912411,-0.789993,-0.585035,-1.102591
-0.519626,0.672263,-0.636293,0.884691,-0.843007,-0.259285,0.682797,0.861808,-0.600830,-0.154852,-1.135469
-0.774554,0.157796,0.172832,0.945705,-0.901916,0.080406,-0.032241,0.778009,-0.425157,0.287910,-2.628587
-0.463841,-0.465888,0.251155,-0.165611,0.870279,0.144136,-0.449194,-0.040613,0.749597,-0.245341,-0.319102
0.864208,-0.508316,-0.125460,0.945238,-0.218881,0.582644,0.245502,0.091545,0.482037,0.048471,-0.974090
-0.351177,-0.700099,0.597712,-0.557453,0.317453,0.572887,0.736701,0.157964,0.381058,0.050667,0.358095
-0.076620,0.621885,-0.170929,0.883643,0.886840,-0.444311,0.331050,0.517806,-0.859527,0.561647,-0.328425
0.067028,-0.507260,0.973321,-0.782825,0.964856,-0.527102,0.189260,0.389376,-0.867679,0.173470,-0.339014
0.463301,0.370394,0.831192,0.172503,-0.249407,0.729341,-0.432148,-0.743666,0.921086,0.473192,-0.513126
-0.461878,0.713088,-0.049680,0.109306,-0.888276,0.377003,-0.351534,-0.780306,-0.825695,-0.974278,-0.631840
0.555937,0.514022,-0.334592,-0.326970,0.775984,-0.990049,0.999641,0.275996,-0.424159,-0.899728,1.691266
-0.915713,-0.179552,-0.607008,-0.076189,0.817978,0.407123,0.459668,0.174774,-0.962777,-0.418903,0.552862
0.142985,0.841780,0.245063,0.877224,-0.406379,0.375920,0.799084,-0.068882,0.494821,-0.203543,-0.536573
0.421799,-0.761531,0.883880,0.973121,-0.905299,0.443293,-0.673394,0.000339,0.315095,-0.116504,-2.198136
-0.092888,0.524384,-0.113749,0.765557,0.094927,0.429777,0.025653,-0.357565,0.618988,-0.212327,-0.629656
-0.917565,-0.232956,0.633071,-0.464811,0.377924,0.289643,-0.099272,-0.789522,0.583894,0.242834,0.646858
-0.000321,0.975492,-0.816573,0.591133,-0.409703,-0.151934,0.876386,-0.231915,-0.127483,0.209508,0.741150
0.081642,-0.562678,0.106326,0.103620,0.139425,-0.390743,0.559887,0.650702,-0.497316,0.394443,0.186662
0.539216,-0.306129,0.358044,-0.616404,-0.095591,-0.597086,-0.400869,0.158256,0.941402,0.800565,1.789329
0.141662,0.114378,0.942514,0.767558,-0.508924,0.028088,0.194394,0.813300,0.537149,0.925282,-1.176301
0.963132,-0.434233,0.459871,-0.233076,0.133024,0.111594,-0.196092,0.038512,0.272842,-0.466797,-1.421356
-0.146295,-0.709065,0.971515,0.287851,-0.643711,0.024815,0.694024,-0.023222,0.674724,-0.418972,-1.031618
0.500509,0.611391,-0.919191,0.834099,0.037587,0.810117,-0.263763,0.507622,0.507580,0.816372,-0.161280
-0.141167,0.973475,0.180104,-0.692433,-0.424435,-0.560321,-0.492871,-0.766259,-0.340735,-0.486960,0.212553
-0.875602,-0.724206,0.010416,0.130587,-0.982358,0.840150,0.390581,0.794323,-0.776644,0.395983,-0.953176
0.212163,-0.538355,-0.556980,0.714936,0.125730,0.523088,-0.952464,0.584216,0.754288,-0.849625,-0.510808
-0.784424,-0.811614,0.816184,-0.902803,0.318470,0.131578,0.406332,0.943957,0.960649,-0.106559,1.514828
0.276223,0.521203,0.258943,0.768844,-0.519553,-0.967832,0.570628,0.708286,-0.344817,-0.586152,-1.319479
-0.775252,-0.889606,0.562983,-0.395713,-0.696305,0.741578,-0.449101,-0.195831,0.607821,-0.428336,-0.346761
-0.029796,-0.339881,-0.220649,-0.848756,0.733520,-0.792372,0.237262,0.638710,-0.114067,-0.355814,2.684127
0.936246,-0.353869,-0.752149,0.504947,0.007469,-0.599052,-0.978528,0.608555,-0.902611,0.914095,1.082655
-0.658390,0.842051,0.603811,0.010792,0.852034,-0.305095,0.630825,-0.671554,0.768187,0.672423,0.258893
-0.911964,-0.130893,0.829739,-0.165107,0.121680,0.526805,0.993503,-0.488726,0.920843,-0.510337,0.679818
0.046406,-0.393877,-0.195031,0.765485,0.036807,0.541881,0.633333,0.416836,0.650891,0.013935,-0.480595
-0.826174,0.941251,-0.580135,0.666646,-0.489120,-0.423337,0.227373,0.004250,-0.873441,0.391516,-2.026814
0.676261,-0.390937,0.156504,-0.731322,0.316377,-0.783717,-0.914805,0.961936,-0.966707,-0.971705,0.305128
-0.856939,-0.661159,0.597884,-0.157937,-0.077437,-0.433183,-0.201003,-0.450011,0.050951,-0.459933,0.760010
0.544237,0.647242,-0.338493,0.544584,-0.179557,-0.220628,-0.503717,0.758587,-0.694888,0.093292,-1.376842
0.646126,0.178820,0.044119,-0.884844,0.448425,0.397201,0.744460,0.281398,-0.300710,0.401514,0.788925
0.586764,0.825869,0.138567,-0.179940,0.680405,0.412250,-0.875787,0.579746,-0.332369,-0.540371,-1.713469
0.252391,-0.109794,-0.289252,0.324024,0.770351,-0.511312,0.893640,0.188187,0.232986,0.988069,1.221281
-0.186994,0.677939,0.568740,0.489722,-0.813012,-0.752726,-0.310232,0.886188,0.396120,-0.306036,-1.137101
-0.369344,-0.539618,-0.125972,0.808365,-0.107755,-0.450488,0.930704,0.797030,-0.012070,0.198750,0.713818
0.065086,0.995525,0.797386,-0.211291,-0.764375,-0.769677,0.542554,-0.398243,-0.706301,0.204990,0.112296
0.615617,-0.482876,-0.798654,-0.288008,-0.884973,0.305468,0.524542,-0.684627,0.043381,0.589169,1.918188
-0.715099,0.700611,-0.103982,-0.797187,-0.340756,0.687524,0.013998,-0.481562,-0.052734,-0.319524,-0.588654
-0.408676,-0.081212,0.388068,0.773955,0.548657,0.559059,0.853230,-0.150655,-0.875075,0.218469,-0.638756
0.254053,-0.510483,-0.623195,0.490964,0.296575,-0.337320,-0.596713,0.757822,0.273355,0.763183,0.559777
0.287118,-0.864286,-0.784586,0.384641,0.540179,0.108442,-0.424128,-0.963881,-0.227096,0.188336,-0.523833
0.014252,0.902489,-0.950476,-0.751204,-0.787161,-0.424236,0.124383,-0.261337,0.438924,0.828290,0.898971
0.956799,0.144430,0.861584,0.014130,-0.388481,0.247380,-0.029871,-0.248913,0.703266,-0.425437,0.037902
0.523158,0.038107,-0.273116,-0.049094,0.850973,0.900294,0.818768,-0.995597,-0.694746,0.352856,0.369073
0.485264,0.351286,0.865264,-0.941030,0.386942,0.139407,0.603354,-0.275239,0.208168,0.331330,-0.447188
-0.654768,0.119737,0.789314,0.495500,0.890773,-0.212163,0.992034,0.961396,0.519820,-0.016035,-0.322633
0.982248,0.284319,-0.604071,0.124850,-0.402564,-0.193949,0.212489,0.840955,-0.888442,-0.332171,0.058166
-0.636508,0.898570,0.666923,-0.631684,-0.429787,-0.444933,0.963874,0.244869,-0.261553,0.344312,0.195579
0.620106,-0.670460,-0.753266,0.110029,0.914584,-0.334561,0.910877,-0.404789,-0.747361,-0.244306,1.561953
-0.886966,-0.796152,0.657388,-0.017077,0.604276,0.933255,0.118819,-0.026927,0.197285,0.088466,-0.245320
0.407388,-0.125843,-0.024298,0.731051,0.442518,-0.856109,0.279062,-0.237686,-0.041811,0.849620,0.511441
-0.340824,-0.037803,0.285137,-0.693851,-0.447779,0.423062,-0.625139,-0.441888,0.292180,0.660702,0.598180
-0.949409,0.605879,-0.480164,0.412784,0.605364,0.995591,-0.492018,-0.391352,-0.071113,0.659418,0.148831
0.725453,0.374614,0.116511,-0.696778,-0.116288,0.723253,0.333548,0.769470,0.039860,-0.382382,0.428252
-0.402713,-0.474646,-0.706717,0.697658,0.391328,-0.014058,-0.496543,-0.637373,-0.381907,0.472631,1.494751
0.719689,-0.560380,-0.713625,0.571448,-0.643873,0.065820,-0.480774,0.461850,0.479477,0.362705,-1.153561
0.272868,-0.863623,0.496742,-0.971151,0.007001,0.632494,0.562968,-0.614704,0.182345,0.035392,0.988557
0.653496,0.624059,-0.362923,-0.875226,-0.183662,0.115310,0.184522,0.612554,0.957165,0.614284,0.416379
0.807709,-0.736760,-0.087141,0.647880,0.829935,0.406477,0.437337,-0.786137,-0.040573,-0.504667,0.679159
0.409096,0.210030,-0.414616,0.268900,0.506601,-0.393643,-0.651694,0.282709,-0.486652,0.514558,-0.313591
-0.029577,-0.831371,0.027324,-0.084120,0.319493,0.674699,-0.326758,0.615247,-0.025303,-0.345772,-0.987140
-0.935186,-0.343878,-0.528572,0.841707,-0.837151,0.694582,-0.913293,-0.692719,0.474530,0.434569,-0.146760
0.982610,-0.201526,-0.593148,0.572838,0.276957,0.233106,-0.922242,0.431568,0.429547,0.832986,-1.849162
-0.590815,0.814724,0.454662,0.011880,-0.576629,-0.936042,-0.337510,-0.247320,-0.438655,-0.584070,-1.360337
-0.693055,-0.745921,0.365910,-0.702529,0.235741,-0.679402,-0.448321,0.513501,0.486427,0.549224,0.148446
-0.871297,0.390297,-0.076562,0.596045,-0.698664,-0.429975,-0.376104,-0.205044,-0.707177,-0.638816,-1.353047
-0.381182,-0.390290,0.971933,0.746375,-0.673002,0.571770,-0.026730,0.120644,-0.555298,0.138746,-2.336754
-0.726983,-0.167719,-0.309801,0.202190,-0.336085,-0.750090,-0.190232,-0.814404,0.071653,0.697446,1.421948
0.214282,0.312084,0.735869,-0.614546,0.590159,0.482883,-0.103549,-0.543371,0.835418,-0.430864,-0.767500
0.659578,-0.815429,0.779000,0.099199,-0.299264,-0.493170,0.084430,0.916212,-0.864273,0.282368,-1.196475
0.356575,0.866987,0.124545,0.392903,-0.417747,-0.520323,0.204620,0.295203,-0.669088,-0.094865,-1.351948
0.290535,0.896888,0.074156,0.336373,-0.300060,0.682590,0.416851,-0.227065,0.287323,-0.109055,-0.206277
-0.458598,0.166291,-0.723255,0.947067,0.069799,0.775665,-0.414678,-0.085249,0.453700,0.227826,-0.727924
-0.757147,-0.582857,-0.522004,-0.815794,0.929202,0.415217,-0.674251,-0.504111,-0.021018,-0.636355,1.573271
-0.142465,0.628994,-0.679521,0.162710,0.315583,0.506820,0.751989,0.948288,-0.382502,0.992304,-0.785887
0.797491,0.323632,0.343979,0.084287,0.465610,-0.495493,0.204201,0.123162,0.231990,-0.219008,-0.034212
0.017304,-0.061471,-0.758944,0.709793,0.554296,-0.847117,-0.568140,0.301145,-0.074016,-0.418182,-0.285062
0.955312,-0.750657,0.014315,-0.121704,-0.356210,0.398907,0.920425,0.135745,0.751406,-0.614034,0.670805
0.384343,-0.620759,0.250543,-0.701271,0.585110,0.529755,0.174577,-0.606106,-0.511115,-0.156770,-0.779596
-0.601509,0.102404,-0.501150,0.411020,-0.342314,0.505100,0.835746,-0.247799,0.070787,0.388160,0.244899
0.160188,0.339274,-0.137571,-0.408036,0.042928,0.892040,-0.057609,0.451574,0.186435,0.748011,0.308965
0.004595,0.359838,0.000874,0.283238,-0.866848,-0.040120,-0.478481,-0.929001,0.092088,-0.637674,-0.986672
0.183658,-0.343171,-0.106638,-0.485009,-0.522477,-0.135619,0.160739,0.352576,-0.581315,-0.353643,0.578514
-0.110930,0.422368,-0.302424,0.594750,0.317836,0.134153,0.017208,-0.045451,0.857583,-0.422002,-0.410654
0.815026,-0.143668,0.780859,0.224928,0.087205,-0.506121,0.532759,-0.565585,0.041446,0.094825,-0.176615
0.586838,-0.687740,0.335148,0.551587,0.909235,-0.947635,0.481397,0.435100,-0.787766,-0.262166,-0.590238
-0.290814,0.423334,-0.410098,0.005269,-0.537278,0.704008,-0.145735,-0.070940,0.284473,0.688544,-1.179408
-0.063565,0.742157,-0.249975,0.656096,0.128424,-0.448972,0.730530,0.086265,0.516422,0.318819,0.695143
-0.906442,-0.661784,0.123955,-0.336855,-0.218994,0.752262,-0.607333,0.103223,-0.655123,-0.055516,-0.240378
-0.621457,-0.467369,-0.686736,-0.336610,0.742024,0.865628,0.219960,-0.035487,0.585259,-0.288222,1.321864
-0.941120,0.602560,0.896551,-0.166502,0.478635,0.602856,0.859889,0.137771,-0.502893,0.347153,-0.385400
0.837156,0.175779,0.263371,0.173413,0.029695,-0.137555,-0.461881,0.573581,-0.636336,-0.787219,-1.258262
0.275331,-0.187255,0.018395,-0.200649,-0.736192,0.823323,-0.352301,0.271883,-0.837308,0.893810,-0.036414
0.138659,0.253728,0.497696,0.471471,-0.173658,0.376198,0.323852,0.665840,-0.318673,-0.543172,-1.012798
0.318482,0.340644,0.768831,0.372962,0.215948,-0.676809,-0.588889,0.531209,-0.388660,0.758759,-1.704434
0.821229,-0.915701,0.802564,0.101389,-0.709140,0.993777,-0.689153,-0.164405,0.151593,0.366365,-1.502620
-0.625139,-0.120853,-0.128226,0.817286,-0.116525,-0.230345,-0.943019,-0.319207,-0.418971,0.630175,-0.424076
-0.024517,0.393672,0.134708,0.178787,0.056893,0.702665,-0.299991,-0.239535,0.149363,-0.646473,-1.189036
0.013488,-0.714965,0.763635,0.875806,-0.942797,-0.899534,-0.372433,-0.515191,0.626090,-0.498957,-1.072412
0.234722,0.998491,0.721853,0.181434,0.045032,-0.791534,-0.550113,0.994528,-0.767149,-0.426742,-2.162576
-0.756971,0.912962,-0.762086,0.386649,-0.997459,0.011660,-0.982813,0.311123,0.067026,-0.490033,-1.091124
-0.606954,-0.283875,0.608893,0.806783,-0.882797,-0.211112,-0.233299,0.238759,-0.763676,0.386462,-1.525606
-0.120769,0.641150,-0.932130,0.393180,0.615180,-0.222053,-0.578136,-0.195836,0.694393,-0.651985,-0.021806
0.777249,0.834504,0.203677,-0.159704,-0.511109,-0.069610,0.982389,-0.754695,0.401886,0.380482,-0.308266
0.132827,0.220213,0.826462,-0.267349,-0.278709,-0.254013,0.717896,0.064027,-0.857630,0.614800,-0.696533
0.418600,0.917068,0.942738,-0.269110,-0.083039,0.509648,-0.023621,0.560326,-0.115229,-0.770672,-0.735664
0.203545,0.870665,-0.021980,-0.809850,0.972195,0.987012,0.794959,0.385324,0.326957,0.654275,0.826675
0.070621,0.097024,0.004702,0.888688,-0.689788,0.546686,0.152452,0.197502,0.598509,-0.330857,-1.553507
-0.254310,-0.181660,-0.963453,-0.065450,-0.995100,-0.985141,0.750204,-0.410800,-0.317512,0.123100,1.313783
0.472867,0.288137,-0.920965,0.203531,0.618447,0.577658,0.990967,-0.465890,-0.273486,0.583073,0.762398
0.472993,0.481549,-0.210334,-0.493623,-0.648641,-0.875852,0.874497,-0.591142,0.711267,-0.646122,2.371759
-0.309834,0.712642,0.433515,-0.349471,0.821267,0.932268,-0.828092,0.864495,0.103747,-0.424140,-1.552144
-0.025349,-0.004886,0.796710,0.018032,-0.519465,0.630141,-0.201988,0.490393,-0.717047,0.560233,-1.085132
-0.018191,0.072198,-0.952085,0.739210,0.605536,0.813967,0.057830,-0.754638,-0.768930,0.679694,-0.719375
-0.878498,-0.367273,0.729660,0.214387,-0.651071,0.104975,-0.754596,0.216300,0.288287,-0.356626,-1.057739
0.164676,-0.936384,0.781802,0.214775,0.788981,-0.248498,0.619451,-0.145562,-0.809191,-0.116302,0.175887
-0.189737,0.032729,0.065204,0.797107,0.945353,-0.046036,0.539286,0.645555,-0.445746,0.034554,-0.445124
0.608477,-0.716012,-0.043768,0.603869,0.304091,0.856300,0.341059,0.125936,0.956295,-0.140205,-0.123526
0.354605,0.728345,-0.187645,-0.454376,0.809700,-0.635620,0.011309,-0.769756,-0.535275,0.820837,0.343402
0.704203,0.083202,0.527443,0.393919,0.022822,0.069013,-0.422132,-0.996157,0.235947,-0.097986,-0.474752
0.676956,-0.877611,-0.638757,0.896174,0.308706,0.874577,-0.186170,-0.383038,0.494033,0.433598,0.253142
-0.116578,-0.057898,-0.356849,0.900575,0.745584,-0.080980,0.605807,0.844788,0.973643,-0.585876,0.057203
0.724140,0.559708,-0.205085,0.625509,0.622142,-0.787924,-0.332017,-0.793919,-0.677425,0.670392,-0.748101
