-0.208442,-0.019909,-0.401371,0.788272,-0.563766,-0.438100,0.069427,-0.423882,0.670118,-0.384490,0.164577
0.212972,0.218014,-0.485063,-0.658162,-0.352841,0.231995,-0.314472,0.759624,-0.062838,0.902752,0.366327
0.893882,0.396774,-0.298108,0.187780,-0.071258,0.162366,0.075677,0.233339,0.381745,0.885938,0.065469
0.063858,0.606292,-0.577100,0.067255,-0.969295,0.753716,-0.514561,0.319796,0.730021,0.657357,-0.417411
-0.106218,0.872716,-0.476565,0.061366,-0.368037,0.428280,-0.553957,-0.712587,0.016354,0.446333,-0.355552
0.301350,0.248331,-0.692229,-0.755017,-0.679139,0.656600,0.133416,-0.257519,-0.941043,0.087077,0.447960
-0.557650,-0.150327,-0.274197,0.897790,0.663000,-0.951572,-0.651213,0.480584,0.681078,-0.171067,-0.279384
0.652127,-0.491463,-0.751200,0.218753,0.159904,0.001900,-0.935555,-0.691422,0.258751,0.036425,0.297812
-0.188625,0.307058,-0.367734,-0.952978,-0.139517,-0.475613,-0.869376,0.863458,-0.401891,-0.942297,-0.192527
0.375262,-0.825798,0.834742,0.131510,0.915869,0.865517,-0.233162,-0.226685,0.517713,-0.897383,-0.738968
-0.845433,0.883843,0.003407,-0.412934,0.985718,0.022756,-0.095392,-0.028580,-0.167845,0.881238,0.345462
0.438225,-0.260975,0.076733,0.326979,0.086411,0.479915,-0.666786,0.697837,-0.753236,0.497076,-1.493822
0.214176,0.236091,0.922366,-0.854098,-0.684972,-0.024378,0.023205,-0.271906,-0.745613,0.606695,-0.348070
-0.894993,-0.379299,-0.647642,-0.273303,0.986994,0.182916,0.699563,-0.180958,0.940764,-0.728914,2.077982
-0.944749,0.993578,0.850402,0.607505,0.755312,0.823103,0.339407,0.445307,0.714012,-0.950724,-1.639377
-0.714770,0.889323,0.536005,0.014766,0.529596,0.614322,0.221611,-0.200312,-0.897422,0.512211,-1.003415
0.217927,-0.064152,0.021500,0.274624,-0.796257,-0.457072,0.169480,-0.147130,-0.529504,-0.950327,-0.541794
-0.928134,-0.716826,0.660853,-0.627215,0.457839,-0.527170,0.310668,-0.724396,-0.002914,0.346610,1.411442
0.409927,0.996056,-0.241957,0.164460,-0.058979,0.361720,-0.566096,-0.039372,-0.460704,0.781538,-1.081923
0.280585,-0.326621,0.165558,-0.833346,-0.943442,0.140821,-0.763438,-0.960793,-0.250587,-0.816272,-0.069460
-0.958313,0.768171,0.368193,0.201202,0.987286,0.159580,0.419331,-0.758904,-0.726501,-0.571677,-0.475817
-0.675286,-0.164538,-0.662572,-0.114195,0.194818,-0.772134,-0.551760,0.175128,0.083053,-0.444294,0.646449
0.571606,-0.380468,-0.570661,-0.754579,0.477603,-0.790876,-0.004642,-0.064257,-0.763366,-0.106878,1.358105
0.006050,0.963921,0.396501,-0.450348,0.603836,-0.323611,0.855882,-0.897682,-0.123196,0.934132,1.068766
-0.129509,-0.669954,0.504278,-0.503022,0.974545,-0.042829,0.390818,-0.612440,0.300335,0.031174,1.281318
0.237989,0.227639,-0.473114,0.919694,0.326468,0.028554,0.578265,-0.296454,-0.957779,-0.290589,-0.495837
0.858772,0.139253,0.620145,0.512797,-0.215040,0.521803,-0.648764,-0.232422,-0.804233,-0.236655,-2.288647
-0.112113,-0.287641,0.011463,-0.420883,-0.867265,-0.119822,0.961437,0.504204,-0.710859,0.965462,0.843429
0.256420,0.266104,-0.078704,-0.531749,0.582848,0.441346,-0.490036,0.716735,-0.463343,-0.945268,-0.793035
0.587154,-0.336621,-0.748592,-0.386447,-0.277298,0.770884,0.001813,-0.967824,-0.470793,-0.358505,0.717517
0.941139,0.231638,-0.998187,-0.439784,-0.738216,-0.317374,-0.989799,-0.245142,-0.178956,0.088955,0.265429
0.291486,0.823440,-0.612371,0.490865,-0.785248,0.865001,-0.615226,-0.735165,-0.862243,-0.894880,-1.743094
0.457417,0.752715,-0.345783,0.014362,-0.712874,0.305077,-0.932771,-0.828971,-0.304982,0.613721,-0.810112
0.080377,0.542287,-0.198632,-0.914110,0.819071,-0.771207,0.128402,0.473092,0.479895,-0.702177,1.211552
0.462117,0.670889,-0.441994,0.558670,0.962031,-0.288332,0.223577,-0.358008,0.585297,-0.095095,0.378965
0.593606,0.039314,-0.698917,-0.980959,-0.352561,0.399648,0.082669,0.500545,-0.914047,0.422096,0.675548
-0.732629,0.155252,0.728699,-0.931572,0.341372,0.225481,-0.930708,0.662073,-0.112210,-0.275663,-0.858905
-0.810097,0.413378,0.330808,-0.407400,-0.735911,-0.387529,0.516810,-0.569227,0.840779,-0.251082,0.961332
-0.373941,0.726695,0.051187,0.660201,-0.346398,-0.838078,0.037115,0.644931,0.164665,0.965879,-0.534562
0.335930,-0.010331,0.389927,0.278942,0.515723,-0.376154,-0.608245,-0.936263,-0.627989,0.703891,-0.563001
-0.792685,0.724386,0.782923,0.213287,-0.074840,-0.557198,0.144634,-0.847154,0.838048,0.405303,0.074878
-0.318302,-0.882996,0.514467,-0.546681,-0.600610,0.909975,-0.645352,-0.395604,0.269669,0.998129,0.037144
0.937062,-0.065135,0.410208,0.428826,-0.991148,0.586225,-0.884433,-0.176224,0.396711,0.168598,-1.671216
-0.347075,-0.141091,0.809734,0.178056,0.328657,0.362881,-0.124591,-0.931344,-0.731977,-0.421111,-1.014014
-0.651541,0.371036,-0.819869,0.760691,0.961485,0.532077,-0.870534,-0.217297,0.277954,0.651195,-0.410795
-0.953438,0.467118,-0.276361,0.758334,-0.017308,-0.556787,0.565297,0.102897,0.219018,0.526196,0.316811
-0.303654,0.412494,-0.760790,0.191765,0.644783,0.393095,0.457328,-0.700268,-0.197422,-0.677215,0.617580
0.749362,0.205663,0.516655,0.441374,-0.069811,-0.182845,0.589334,-0.022067,-0.995507,-0.294682,-1.051463
0.334373,0.134790,-0.436366,-0.847086,0.925811,0.700747,0.719478,-0.851082,0.468008,-0.146697,1.973838
-0.190636,0.771433,-0.200612,-0.984649,0.635244,0.846992,0.463311,0.423432,-0.771172,0.728867,0.491656
0.041892,0.578317,0.213084,-0.137024,0.547100,-0.694909,-0.334700,0.009074,0.133797,-0.400933,-0.206689
-0.574855,0.716098,-0.219538,-0.606824,0.621592,-0.266365,-0.934195,0.431776,-0.154344,-0.089901,-0.254735
0.686137,-0.936757,-0.094886,0.852058,-0.060199,-0.046467,-0.538133,0.977972,0.737096,-0.488245,-0.889337
-0.389103,0.940340,0.483170,0.627024,0.332384,0.995056,-0.012685,-0.315392,-0.554862,0.833533,-1.682974
-0.710676,-0.332798,0.827318,0.229013,-0.374218,0.146000,-0.052220,-0.762404,-0.391013,-0.504797,-0.860343
-0.157271,0.896994,0.985521,-0.900491,0.675866,0.365896,-0.727846,0.440358,0.795946,0.440566,-0.665588
-0.054914,-0.755853,-0.245710,0.375067,0.653548,0.157153,-0.550286,0.998120,0.659095,0.297572,-0.110670
-0.157002,-0.850554,-0.025205,-0.118014,0.990157,-0.932444,0.895031,0.090083,-0.141533,0.453490,1.878666
0.159969,0.547043,0.711803,-0.954986,0.204648,0.183133,0.275883,0.043061,0.018061,0.818453,0.365847
-0.298689,0.848351,0.026746,-0.310145,0.430131,-0.794350,0.073710,0.904123,0.458248,-0.133261,0.232623
0.643181,-0.293909,-0.896030,-0.739755,0.689933,0.172140,-0.456169,-0.265642,0.290266,0.254238,1.508830
0.972238,0.443107,0.866624,0.459123,0.503842,-0.835093,0.856715,-0.468039,0.249884,-0.586755,-0.198687
0.761075,0.275582,-0.844617,-0.580295,0.326145,-0.157418,-0.634646,0.007920,0.210670,-0.427444,0.649385
0.327383,0.238908,0.588143,-0.198935,-0.083999,0.438748,-0.485717,0.017051,-0.387012,0.656999,-1.072781
0.635930,-0.170958,-0.978380,-0.939965,0.765470,-0.449096,-0.377814,-0.946051,0.773859,0.304881,2.557684
-0.940285,-0.666838,0.304771,0.353755,0.440072,0.495485,-0.833099,0.720785,-0.763527,-0.191495,-1.588389
0.210275,-0.551152,-0.966633,-0.494402,-0.427204,-0.089715,-0.201144,-0.163464,0.393215,-0.958308,1.292876
0.932789,0.825768,0.158343,-0.388810,-0.959914,-0.208730,0.690809,-0.339369,-0.879426,0.913969,0.070143
-0.050779,0.770183,-0.151606,0.565815,0.808059,0.768129,0.838506,0.627622,-0.063001,-0.086375,-0.569517
-0.078730,0.484062,0.428739,0.601663,0.317714,0.829134,0.247983,-0.995430,0.631077,0.646609,-0.392056
-0.968841,-0.508246,0.815346,0.166438,-0.008209,-0.988708,0.024113,-0.848356,-0.581562,0.149913,0.075855
-0.436561,0.536339,0.328809,-0.748151,0.894557,-0.755227,0.425130,-0.813273,-0.218339,-0.007294,1.262873
-0.271816,-0.927976,0.112423,-0.255453,-0.696921,-0.616285,-0.154281,0.104345,0.741445,0.420931,1.042493
0.770283,0.196566,0.141548,0.851955,0.025667,-0.949181,-0.941187,0.307899,0.905537,0.649338,-0.896327
-0.070641,-0.249961,0.663420,0.054562,0.275832,0.437334,0.767190,0.189962,0.753699,-0.933376,0.017187
-0.543959,-0.065124,-0.854696,0.854125,0.720206,0.576636,0.871975,0.175478,-0.831754,-0.447014,0.026154
0.411851,-0.752075,-0.209022,-0.486624,0.002662,-0.490390,-0.730089,-0.281751,0.471869,0.902379,1.148850
0.618291,0.659060,-0.753897,0.533843,0.342612,0.215350,-0.888626,-0.238954,0.908986,0.310384,-0.344608
0.886253,0.103496,-0.974584,0.890535,-0.258730,-0.292306,-0.243877,-0.197081,0.046500,0.539238,-0.030726
-0.934490,0.949370,0.325323,-0.361205,-0.097378,-0.597956,-0.453629,-0.465346,-0.031908,0.072086,-0.196195
-0.749157,0.810281,0.834958,0.475491,-0.251449,0.494935,-0.150085,0.560044,0.883513,-0.405971,-1.710389
0.371560,-0.749909,0.090651,-0.528440,0.325922,-0.065241,-0.863517,0.623153,0.202669,-0.457788,-0.105785
0.116223,-0.718437,-0.224598,-0.450393,0.213419,0.396588,0.014786,0.925010,-0.104930,0.782493,0.602690
-0.004137,0.257154,-0.679357,0.805003,-0.109856,0.428302,0.291618,0.306112,0.802974,-0.418270,-0.120072
0.961408,-0.122214,0.123483,-0.421534,-0.810486,0.653146,-0.336904,0.903960,-0.503950,-0.938576,-1.332751
0.797046,0.814323,-0.475751,0.760264,-0.589094,0.294558,-0.036657,-0.838090,-0.369857,-0.324019,-1.005588
-0.416322,0.716511,0.251245,0.325102,-0.224743,-0.981066,0.740879,0.156062,0.977876,-0.124141,0.532071
0.590924,-0.548935,0.897485,-0.572605,0.917402,0.948931,0.188659,-0.641554,-0.137505,-0.545036,-0.087456
-0.004614,0.645007,0.124173,-0.881283,0.580548,-0.374393,-0.425388,-0.124760,0.821876,-0.098675,0.769179
0.632176,0.098381,-0.915919,0.470156,0.637767,0.352807,0.008581,-0.614087,-0.720128,0.737604,0.281322
-0.009258,-0.444490,0.476041,-0.244658,-0.018131,-0.674028,-0.869951,-0.364360,0.121613,-0.976525,-0.384743
-0.525389,0.178863,-0.629864,0.719578,0.570497,-0.164810,-0.950263,-0.613088,-0.279057,0.822905,-0.360011
0.482707,0.227563,0.532757,-0.114448,-0.134567,-0.911467,-0.913308,-0.929924,0.254102,-0.007889,-0.357631
0.256500,0.180512,0.514220,0.205781,-0.645056,-0.943761,0.542455,-0.410303,-0.618180,0.902135,0.054965
-0.559820,-0.506005,0.670925,-0.000659,-0.072271,0.971614,0.387914,-0.903211,-0.799723,-0.200291,-0.486267
0.385573,0.604064,-0.990529,0.947633,-0.292276,-0.850285,-0.378917,-0.750060,-0.101824,0.277337,-0.031506
-0.332016,-0.617279,-0.103769,0.493575,-0.570817,-0.236926,0.973890,-0.626373,-0.035351,-0.862914,0.702249
0.637529,0.886144,-0.061935,-0.424394,-0.742878,-0.780465,0.367417,-0.018699,0.661774,0.232882,0.783780
-0.065944,-0.336200,0.444861,0.427317,-0.274204,-0.787548,0.429131,0.235133,0.029474,-0.143189,-0.086025
0.282029,0.184600,-0.065669,-0.977141,0.461651,0.848315,0.250288,-0.866837,0.152881,0.425403,1.244999
-0.501972,0.341173,0.023756,-0.936187,-0.307938,0.126835,0.922574,0.696739,0.531453,-0.660468,1.129804
0.457040,-0.099760,-0.993443,0.849731,0.634460,0.354170,-0.437693,0.310113,0.998417,0.344519,0.136794
0.526614,0.391569,0.791652,0.901620,0.673054,-0.723456,0.559963,-0.742076,0.539534,0.656517,-0.134531
0.326993,0.262692,-0.737462,0.459971,-0.915486,-0.923697,0.601380,-0.954698,-0.883782,0.019492,0.658063
0.645898,0.896187,0.632331,-0.790073,0.429194,-0.018346,-0.149169,0.771003,0.642767,-0.380103,-0.422794
-0.817195,-0.558460,0.042377,-0.211648,-0.116695,0.043078,-0.991090,0.194666,0.674487,-0.972624,-0.277338
-0.203865,-0.242939,0.730882,0.053137,0.036803,-0.801887,0.416531,0.653521,0.481549,0.400964,0.245242
0.976302,0.296140,-0.093151,0.352533,-0.423167,0.948996,0.559825,0.186100,-0.752823,0.110436,-0.994475
-0.433454,-0.964137,0.363550,0.017122,0.564068,-0.449782,-0.956606,-0.638858,0.713921,0.343787,0.457546
-0.817826,-0.255293,0.602861,-0.464475,0.955156,-0.455436,-0.102437,0.893912,-0.591141,-0.554108,-0.292649
-0.887009,-0.951049,0.674001,-0.080925,-0.859615,0.544666,-0.756895,-0.685791,0.105114,-0.666553,-0.787577
0.192089,0.610246,0.133120,-0.889831,-0.553402,0.193669,0.892439,0.882006,0.344924,0.162504,0.725939
-0.061961,-0.315990,-0.272321,0.670771,-0.316191,-0.554670,-0.771524,0.805007,-0.513157,0.503549,-1.054564
-0.123632,-0.244281,-0.403437,0.872369,-0.827362,-0.519244,0.268104,0.222129,-0.820809,0.347124,-0.449406
-0.596126,-0.748896,-0.420117,-0.622344,-0.324018,-0.776811,0.040800,-0.154749,-0.005901,-0.997587,1.458426
-0.513151,0.677716,0.134803,-0.217709,-0.400207,0.092158,0.098276,0.141987,0.009036,-0.374648,-0.370457
0.366907,0.546384,-0.491757,-0.127877,0.449912,0.279692,0.080412,-0.430935,-0.529558,0.287074,0.241659
0.768483,0.463156,-0.228765,0.520487,0.103145,-0.490005,-0.364435,-0.643534,0.784783,0.492807,0.107253
-0.824146,-0.354911,0.736600,0.672680,0.109883,-0.180829,0.782314,-0.107188,0.377484,0.747049,0.158833
0.629386,0.975285,-0.962362,0.663543,-0.460669,-0.747377,-0.888545,0.650629,-0.483897,-0.202619,-1.316397
-0.839323,0.287732,0.129522,0.674399,0.456607,-0.905223,0.978778,-0.136814,0.625610,-0.582447,0.695649
-0.215160,-0.804464,0.448684,-0.259916,-0.899976,-0.778505,-0.686084,-0.119122,-0.907466,0.369278,-0.388283
0.647445,-0.958326,0.221935,0.244052,0.514109,-0.172591,0.584577,0.068250,-0.643399,0.925887,0.505529
-0.656742,-0.965321,0.552141,0.888936,0.258208,-0.835068,-0.475709,-0.345059,-0.031993,0.368066,-0.451040
0.287100,-0.163647,0.640304,-0.419150,0.315408,-0.826404,-0.226640,-0.280834,-0.773739,0.023544,-0.105110
-0.464697,0.160462,-0.988200,-0.462288,0.347600,-0.873961,-0.139555,0.492273,0.088776,-0.062971,1.425793
-0.956206,-0.223501,-0.885255,0.563057,0.270448,0.390468,0.828482,-0.638579,0.147060,-0.601664,1.134214
-0.544293,0.893348,-0.220298,0.290840,0.890798,0.695733,0.212978,0.706299,-0.969387,0.441903,-1.009192
-0.947095,-0.026005,0.350801,-0.427043,0.946156,-0.503772,0.678838,0.400784,-0.750839,-0.125984,0.630467
-0.618220,-0.319835,0.039192,0.457712,-0.292875,-0.295840,0.868440,0.911563,-0.719983,0.394501,-0.075073
-0.220465,0.521520,-0.328236,0.765420,0.352438,0.284251,-0.725035,0.792975,-0.236071,-0.243769,-1.723534
-0.046766,-0.320742,0.623422,-0.474018,-0.200355,0.131140,-0.346939,0.078048,0.719891,0.058263,0.028051
0.801187,-0.370402,0.901960,-0.258018,0.419795,0.154618,0.561599,0.861401,0.005257,-0.167133,-0.367880
-0.122727,-0.629051,-0.893524,0.640780,-0.262129,0.742495,-0.396568,-0.488660,0.256116,0.055663,0.115149
0.192875,-0.498840,0.915172,0.183545,0.002382,0.029215,0.115734,0.102861,0.893261,-0.213427,-0.315256
-0.489641,-0.033662,0.058921,-0.894368,0.084655,-0.869654,-0.214575,0.749730,-0.102677,0.344452,0.836813
0.874591,0.444130,0.184160,-0.602330,0.067060,-0.163472,0.042767,-0.104320,-0.768180,-0.737434,-0.324503
-0.900233,0.818395,-0.723179,0.162149,-0.535020,0.796023,0.613572,0.828684,-0.668472,0.777856,-0.251670
0.019758,-0.992467,0.203250,-0.889217,-0.987127,-0.734565,0.691298,0.801104,0.750375,-0.674804,1.627412
0.215019,-0.138325,0.908751,-0.043594,0.317269,0.920098,-0.075307,0.422959,-0.257752,-0.318419,-1.448671
0.876044,-0.711319,-0.380814,-0.438208,0.865488,0.324513,-0.356637,0.353495,-0.908143,0.298882,0.223683
-0.557807,0.341632,-0.587602,-0.785338,0.211012,-0.916075,-0.615982,-0.677502,0.074550,0.622488,1.552703
0.545978,-0.852668,0.047371,0.387076,-0.846910,0.949440,0.582629,0.276239,0.092359,-0.304898,-0.355040
-0.851588,0.497433,-0.654061,-0.367174,0.133378,-0.367498,-0.728155,0.441176,0.763053,-0.409697,0.478198
-0.250311,-0.930294,-0.792131,-0.289955,0.465208,-0.514300,0.241470,-0.248333,0.349493,0.589215,2.327694
0.462080,-0.164670,0.974376,0.812095,-0.352660,0.023728,0.295584,-0.035193,-0.194311,-0.119442,-1.505229
-0.710175,0.888269,-0.802310,-0.295898,0.567199,0.977778,0.045932,-0.182299,-0.406217,0.991393,0.461745
-0.880488,-0.677411,0.190894,0.464429,0.861961,0.557699,-0.010283,0.513527,-0.536034,0.522328,-0.535091
-0.533173,0.006998,-0.897822,0.386385,-0.643134,0.734487,0.450776,0.568218,-0.956901,0.332445,-0.241095
0.475493,-0.977203,-0.177981,-0.567799,0.896754,0.837647,-0.882863,-0.125668,-0.133951,-0.918396,-0.036006
0.048865,0.494198,-0.747881,-0.801176,0.944396,0.298934,0.591501,0.079802,-0.892336,-0.591956,1.027424
0.608550,-0.766158,-0.622028,0.091763,-0.617936,0.043837,-0.787101,0.806391,0.225851,-0.369003,-0.323670
0.182418,-0.110255,0.356503,0.114966,-0.206573,0.249515,0.689273,0.460078,0.507767,0.642152,0.226368
-0.948661,-0.192044,-0.036179,-0.017033,0.504252,0.130399,-0.748697,-0.196409,0.073852,0.825376,0.059702
0.049976,-0.098984,-0.994218,0.287556,0.436784,-0.256559,-0.867113,0.241401,0.668795,0.548563,0.524567
-0.130368,0.563159,-0.395465,-0.892149,0.551530,-0.786284,0.890967,0.950581,-0.249653,0.597971,1.709990
0.729212,-0.981840,0.793290,-0.609475,-0.752037,-0.476389,0.948142,0.840896,0.382340,0.000751,0.898101
0.635568,-0.252188,-0.197890,0.104879,0.580398,0.018257,-0.698312,0.977957,0.833694,0.626277,-0.125049
0.477682,-0.851927,0.104003,-0.914207,-0.851593,0.771820,0.027233,0.779032,0.456129,0.646561,0.667913
0.782818,0.003663,0.855244,0.604678,-0.830361,0.581544,0.814496,-0.685823,0.738375,-0.303480,-0.648608
0.527291,0.450478,-0.031441,0.330645,0.601161,0.354383,0.890664,0.581697,0.027279,0.831847,0.098201
-0.547512,0.079735,0.179711,0.512637,-0.836760,0.523224,0.794507,-0.531508,-0.754290,0.058928,-0.529865
-0.279034,-0.618080,-0.163961,-0.331586,0.953214,-0.511522,0.735626,0.748763,0.774266,-0.217442,1.786839
-0.891862,-0.462202,-0.433093,0.809900,-0.325312,-0.518094,0.765408,-0.858141,-0.402912,0.838529,1.058748
-0.436204,0.061858,0.012387,-0.003291,-0.236262,-0.712791,0.913435,0.677833,-0.689167,-0.242321,0.333831
0.395496,-0.919487,-0.883540,0.556469,-0.154607,-0.582164,-0.666762,0.397288,-0.659733,-0.491296,-0.251946
-0.208756,-0.764252,-0.807535,-0.245821,0.358764,-0.102108,-0.171433,-0.617420,-0.896671,-0.696764,0.914176
-0.275714,0.036847,0.307510,-0.559385,0.745008,-0.599245,0.704003,0.895858,-0.309170,-0.579702,0.593315
-0.138453,0.116480,-0.839510,0.384896,0.053547,-0.181817,-0.433371,0.535053,-0.465163,-0.149665,-0.386462
0.376464,0.909950,0.393066,0.121493,0.001004,0.790493,0.957720,-0.026075,-0.940119,-0.842214,-1.195196
0.814306,-0.015066,-0.114757,-0.971779,0.119465,-0.936681,0.176634,0.106714,0.644597,0.202734,1.777145
0.948804,0.523273,0.374897,-0.838764,-0.756184,0.252100,0.196330,-0.059311,-0.360123,-0.865701,-0.417335
0.478427,0.120485,0.033963,0.549146,-0.164016,0.763717,0.605806,-0.013151,-0.517382,0.524651,-0.664839
0.203442,-0.118620,-0.718245,-0.621791,0.686594,-0.437564,-0.103757,0.452727,0.520453,0.096923,1.558759
0.947556,-0.263569,0.956216,0.662248,0.553312,0.024981,0.563327,0.640151,-0.022964,-0.861805,-1.339150
0.437659,0.034997,-0.978487,0.413689,0.964641,0.596052,0.353391,-0.809092,-0.444656,-0.297411,0.604129
0.940989,0.308675,-0.831048,-0.589304,0.702084,-0.900684,-0.191237,-0.158622,0.470788,0.721800,1.839772
-0.158766,-0.826575,-0.607778,0.318688,0.591039,-0.562235,-0.615784,-0.321995,0.334747,-0.832048,0.608977
0.891453,-0.468051,-0.682704,-0.792651,0.647433,0.515089,-0.434699,-0.478607,0.926243,0.019736,1.606951
0.266444,-0.192731,-0.891357,-0.612588,0.074198,0.201826,-0.864419,0.838912,-0.977494,0.832876,0.057219
0.656251,0.456712,-0.659514,0.605868,-0.000752,0.877427,0.922204,0.348719,0.305169,0.022708,0.030100
0.485436,0.012796,-0.973266,-0.117315,-0.881059,0.899266,-0.064061,0.456080,0.340536,-0.538113,0.064651
-0.954350,0.313498,-0.242575,-0.437926,-0.846995,-0.651872,-0.039752,-0.150873,0.280050,-0.510374,0.712028
0.043881,-0.736892,0.714016,0.380385,-0.059665,0.644571,0.381934,0.040992,-0.533454,0.409830,-0.770421
0.078908,-0.102162,-0.235326,-0.996153,-0.895657,-0.875374,-0.634040,-0.296842,0.636309,0.763632,1.467503
-0.509016,-0.987851,-0.026650,0.195308,-0.761885,-0.344850,0.989556,-0.021376,-0.256666,0.994789,1.268024
-0.850437,-0.984166,0.146661,0.521655,-0.648231,-0.274349,-0.865729,-0.795052,0.061995,0.473309,-0.241074
0.646522,0.100261,-0.728302,0.549950,-0.347303,0.826704,-0.968151,0.288318,0.734545,-0.570864,-1.109818
-0.078729,-0.737180,0.669143,-0.522977,0.435970,0.156970,-0.704265,0.572619,-0.103475,-0.111030,-0.534611
-0.062432,0.779053,0.004420,-0.002098,0.761063,0.523347,-0.243714,0.687634,-0.845918,0.480744,-1.162028
-0.935317,-0.383038,-0.236704,-0.753179,0.962891,0.183650,-0.419268,0.697172,0.791392,0.171235,1.142201
0.562970,-0.590845,0.893097,0.236129,0.918880,-0.158178,0.272160,-0.075865,-0.066827,0.629751,-0.119394
0.859163,-0.353991,0.097163,-0.069539,-0.829307,0.944254,0.954886,-0.774255,-0.576444,-0.262377,0.126495
0.468622,0.071787,-0.532872,-0.160492,-0.931622,0.011184,-0.959599,0.478595,-0.041947,-0.384814,-0.740266
-0.345400,-0.406645,0.981303,-0.359255,-0.056525,0.968806,-0.358424,-0.052710,-0.336231,0.509702,-0.982986
0.166722,0.304488,-0.347723,0.521950,-0.851753,0.017341,0.102205,-0.446607,-0.187147,0.930351,-0.140289
-0.118886,-0.831104,0.096054,0.279966,0.486165,-0.154593,-0.302685,-0.087008,-0.438684,-0.265238,-0.224800
-0.488097,0.074751,-0.694949,-0.439203,0.917039,0.280101,0.965846,-0.662631,0.931538,0.359663,2.604808
0.760687,-0.633311,0.531308,0.599999,-0.534282,0.302600,0.035237,0.162578,0.826237,0.140862,-0.642354
-0.724135,-0.021696,0.248152,0.666448,0.712310,-0.920310,-0.939466,-0.353392,0.626003,0.649095,-0.266057
0.885791,0.508097,-0.323934,0.117082,0.822155,0.612225,0.266567,0.709202,-0.684691,0.965355,-0.431782
-0.266113,0.550235,-0.705451,-0.410517,0.755257,0.185516,0.121224,-0.702800,0.244762,-0.673223,1.119759
0.831571,-0.344341,0.330749,-0.415392,0.655443,-0.863808,0.491137,0.117464,-0.003867,0.894013,1.240920
-0.519579,-0.420441,0.093205,0.360433,0.389035,-0.284058,-0.237156,-0.313797,0.446206,-0.832487,0.007686
0.980279,-0.265890,0.317591,0.489189,0.826620,0.330779,-0.156152,0.293828,0.569889,-0.910891,-0.875133
-0.443355,0.869587,-0.600803,0.487413,0.588293,-0.239047,0.274167,0.432488,-0.149447,0.558878,0.051435
0.131033,-0.300603,-0.879252,0.348460,0.857672,0.506309,0.182540,0.668894,0.499196,0.769599,0.822437
-0.177812,0.628665,0.331926,0.392126,0.803084,0.079798,0.041141,-0.248677,0.211739,0.143369,-0.511070
0.732457,-0.233463,0.921100,0.584692,-0.406734,-0.564454,-0.082744,0.521583,-0.337289,-0.060600,-1.559778
0.305374,0.792935,0.148701,0.906400,-0.781185,0.059646,0.629881,-0.180245,0.093732,0.225995,-0.907095
-0.793304,-0.869444,-0.913340,0.063131,0.902399,-0.574410,-0.657144,-0.715050,-0.090418,0.451391,1.518052
0.580326,-0.809573,0.318184,-0.374725,-0.061123,0.008785,-0.875548,-0.350163,-0.531479,0.141124,-0.381197
0.604536,-0.195670,-0.536864,0.661264,0.430689,0.880158,-0.337124,-0.612977,0.999470,0.847071,0.234328
-0.495621,-0.473930,-0.359403,-0.580871,0.604287,-0.924630,0.470411,0.478377,-0.993373,-0.098953,1.338441
0.405145,0.998303,-0.403064,0.700629,-0.962057,0.782569,0.733808,0.445438,-0.084064,0.727578,-0.844633
-0.636742,0.263409,0.752284,-0.617856,-0.376399,-0.404379,0.134773,-0.774859,0.884275,0.947909,1.049397
-0.708201,-0.131404,0.527024,0.565128,0.039308,0.631524,0.171576,-0.730865,0.288352,-0.989160,-0.781760
-0.624796,0.777945,0.459453,-0.110110,-0.095958,0.637237,0.317413,0.721726,-0.932387,0.645643,-1.190481
0.539684,-0.350212,0.118316,0.882184,-0.292821,-0.249802,-0.806123,0.249824,0.812896,-0.619836,-1.238921
0.610243,0.157825,0.470454,-0.029270,-0.622514,0.629895,0.419592,-0.668281,0.532468,0.886490,0.121885
-0.115567,0.335274,0.006683,0.113860,0.467791,-0.453129,-0.204251,0.432473,0.374779,-0.459517,-0.213820
-0.603409,0.574520,0.649107,-0.115416,0.924203,-0.261768,-0.582622,-0.685954,-0.974364,-0.081032,-0.986110
-0.599849,-0.810086,0.797891,-0.115713,-0.141491,-0.837190,-0.293113,-0.610173,0.889437,-0.339332,0.586569
-0.969676,-0.255148,-0.963000,0.493881,0.958246,0.399582,-0.646785,-0.473402,-0.094456,0.735236,0.462638
-0.282964,-0.168195,-0.172562,-0.247471,0.332233,0.242455,0.745965,-0.665971,0.535687,-0.928974,1.288377
-0.708643,-0.236794,-0.296553,0.329004,0.338171,-0.025268,0.457381,0.197117,0.422290,0.569871,0.856782
-0.912071,0.698890,0.573002,-0.936693,0.934371,-0.885197,0.496909,-0.441600,-0.333465,0.489747,1.265044
0.221635,-0.236135,0.242641,0.395825,-0.342995,-0.800978,0.735657,-0.569502,0.413189,-0.943279,0.537079
0.357935,0.147644,0.483241,0.996811,0.969732,0.605442,-0.357565,-0.469935,0.200803,-0.033886,-1.495459
-0.049744,-0.923616,-0.437604,0.462363,0.672519,0.958652,-0.696768,0.557764,-0.045324,-0.848365,-0.874808
0.807890,0.553192,0.848039,-0.859376,0.823832,0.491789,-0.156372,-0.786761,-0.678056,0.590706,-0.326787
-0.085816,-0.289473,-0.244832,0.610524,-0.499432,0.747741,0.297146,0.290535,-0.064363,0.514298,-0.423721
0.386256,0.331076,0.892616,0.873777,-0.079813,0.178462,0.271371,0.293999,0.658183,0.131199,-1.405378
-0.873607,0.140954,-0.109528,-0.831993,-0.119189,-0.218260,-0.901260,0.746229,-0.678520,0.773680,-0.131958
0.562926,0.914917,0.883565,-0.446089,0.493916,-0.930691,0.188738,-0.236315,0.517880,-0.689917,-0.019685
-0.775986,-0.213337,0.682098,-0.163973,0.059525,-0.606950,-0.510773,-0.406352,0.655184,-0.138174,0.102660
-0.300296,0.218447,0.179388,0.437539,-0.621765,0.213570,0.271007,-0.178305,0.397431,-0.011318,-0.381294
0.326345,-0.335482,0.994794,0.028647,-0.137435,-0.303275,-0.643720,-0.438815,-0.118369,0.866446,-0.792317
-0.771866,0.871909,-0.543019,0.127785,-0.594168,0.174903,-0.286040,0.416633,-0.993341,-0.914489,-1.267102
0.816745,0.069770,0.998524,0.199196,-0.338053,0.787694,0.960372,0.663333,0.788456,-0.077840,-0.745700
-0.359298,0.669951,0.996322,-0.958785,-0.064572,0.056067,0.516965,-0.750927,0.867978,-0.061304,0.802630
-0.043272,-0.284589,-0.819135,0.233655,0.571322,-0.407963,0.876510,0.012953,0.419833,-0.334538,1.695930
0.967451,-0.816775,0.508495,-0.070454,0.542827,0.242666,-0.829457,-0.901784,0.652829,0.276553,0.004880
-0.226808,0.745681,-0.397971,-0.083720,-0.492204,0.477454,-0.765238,0.578624,0.773562,-0.130252,-0.706470
0.463585,0.062437,0.721132,0.065337,0.462399,-0.793561,0.601086,-0.689694,0.764920,-0.452517,0.668921
0.091795,0.970622,0.972445,0.422138,0.425623,0.584349,0.147804,0.562284,-0.148572,-0.419054,-2.122498
0.034532,-0.454068,0.373529,-0.540426,0.276878,-0.702338,0.221394,0.308173,0.498689,-0.132069,1.015847
0.654120,-0.613467,-0.505058,-0.218969,0.396030,-0.138864,-0.873685,-0.584539,-0.653198,-0.517801,0.091728
0.341275,0.223643,0.699834,0.683420,-0.549835,0.810795,0.567182,0.918397,0.465778,-0.344689,-1.623061
-0.575986,-0.336950,0.931548,0.518834,0.421754,0.339505,0.325711,-0.224370,0.285956,-0.368248,-0.703486
0.961343,-0.443391,-0.898187,0.352303,-0.136192,0.547271,-0.792509,0.758781,0.883811,0.083402,-0.206493
0.544426,0.616925,0.194817,0.043959,-0.737933,-0.498957,0.935594,0.975484,0.535813,-0.770557,-0.106058
-0.646987,0.377507,0.400366,0.576510,-0.555809,-0.424739,-0.053887,0.589130,0.844399,0.995570,-0.496591
-0.075332,-0.800402,0.449117,0.628338,-0.768799,0.155271,0.416451,-0.939720,-0.786629,-0.901039,-0.717652
-0.521810,0.083752,0.095635,-0.594973,-0.806172,-0.280609,-0.953613,-0.325638,-0.794296,0.121415,-0.508584
0.854359,0.341007,0.145350,0.854148,0.213414,-0.315320,0.322710,-0.160214,-0.940087,-0.383679,-1.220972
-0.044645,0.018603,0.916677,0.089953,-0.174489,0.545357,-0.634804,0.211634,0.104030,0.331528,-1.563888
0.508469,-0.305021,0.121050,-0.762269,-0.611802,-0.259914,-0.468045,-0.011252,-0.513407,-0.815253,-0.149322
-0.251838,-0.905369,-0.677563,-0.590828,0.338528,0.376766,-0.280267,-0.439961,0.367273,0.947343,1.845439
0.603238,-0.185683,0.122624,0.261651,-0.176506,-0.166404,0.592263,-0.722497,0.212253,-0.323648,0.452969
-0.206498,0.491077,0.492893,-0.542746,-0.821890,-0.297502,0.885301,-0.611557,0.117189,-0.764893,0.597801
0.035726,0.839606,0.200684,0.999840,0.747862,0.504807,0.642005,-0.810500,-0.519230,-0.398355,-1.095049
0.166481,-0.636595,-0.238544,0.224329,0.991161,0.849229,-0.355250,-0.956337,0.316336,0.235002,0.417564
0.032379,-0.688124,0.951625,0.393064,-0.196661,-0.598992,-0.848635,-0.281979,0.068964,0.076902,-1.093258
0.445110,-0.570628,-0.731219,0.094432,-0.817051,0.401737,-0.651802,-0.061830,-0.902151,-0.801223,-0.719604
0.528929,-0.827988,0.958851,0.380971,-0.419160,0.996634,-0.723090,-0.846412,-0.449166,0.647854,-1.630558
0.886155,0.098247,-0.015906,0.442106,0.435015,0.757406,-0.673735,-0.219856,-0.309686,-0.017594,-1.374083
-0.840980,0.897040,0.018235,-0.802108,-0.162440,0.143527,-0.803992,0.400617,-0.724730,-0.205549,-0.868098
-0.808371,0.928802,0.428594,0.144677,-0.086351,-0.655336,-0.814523,-0.964313,-0.427827,0.428706,-0.901481
-0.965462,-0.333545,0.335637,0.346846,-0.692662,0.562046,0.787991,0.512907,0.977638,-0.773580,-0.042959
-0.932714,0.411745,0.726294,0.270719,-0.508745,0.377978,-0.680078,0.090253,-0.770819,-0.286012,-2.201400
0.508739,-0.293009,-0.756750,0.688876,-0.115508,0.299096,-0.506780,0.414543,0.863654,0.623531,-0.050761
0.599641,-0.332376,-0.688322,-0.253015,-0.071095,-0.126537,0.980578,0.963688,-0.512885,-0.614971,0.907275
-0.805659,0.167587,-0.591140,-0.427437,-0.743333,-0.195388,-0.437041,0.261653,0.094554,0.872338,0.670411
0.404536,-0.249331,-0.547908,-0.583705,0.426314,0.776477,0.970231,-0.467668,0.338493,0.988667,2.136196
-0.091625,0.899211,-0.322813,0.647868,-0.178382,-0.118136,-0.369835,0.315540,0.017506,-0.966192,-1.363763
-0.954472,-0.568103,0.260776,-0.212399,0.876065,-0.629631,0.729621,0.326735,0.103713,0.070133,1.333992
0.892872,0.141616,0.485226,-0.827610,-0.825029,0.158976,-0.388774,0.055035,-0.081239,-0.243180,-0.501979
0.074149,0.335076,-0.375807,-0.746679,-0.301396,-0.673245,-0.128568,0.631699,0.463698,0.132374,0.973920
0.684053,-0.595423,0.983238,0.492674,-0.187772,0.370140,-0.301928,-0.991033,0.428821,-0.721137,-1.113354
-0.707433,-0.294560,-0.132851,0.423544,-0.003616,0.023185,0.316626,-0.035792,0.572728,-0.701609,0.292600
0.606766,-0.307462,-0.600269,-0.854805,0.522472,0.173210,0.339804,0.244239,0.233039,0.578353,1.808609
-0.341537,-0.422695,0.774246,0.628343,0.811259,0.922691,-0.582166,0.276562,0.648503,0.731472,-1.266306
-0.347373,-0.780800,-0.049641,0.672082,0.769121,0.607863,0.147959,0.972336,0.706738,0.945730,0.060138
0.211074,0.003188,0.224133,-0.091985,0.918912,0.408611,0.216623,0.055279,-0.952159,0.406122,-0.321167
-0.170698,-0.917610,0.972249,0.828795,-0.499320,-0.051116,0.761519,-0.237420,-0.922829,0.636208,-0.795592
-0.098436,-0.961796,-0.309551,0.909156,-0.837678,-0.656998,-0.086268,-0.843992,-0.244185,-0.381154,0.060398
-0.561227,0.731296,0.558095,-0.491576,-0.976967,-0.418831,0.034846,0.505949,0.997301,0.332503,0.071488
-0.574782,0.657041,0.280550,0.522458,-0.976188,0.837717,0.840432,0.773042,-0.904531,-0.651866,-1.783102
-0.217659,0.750336,-0.870632,-0.058389,-0.535328,0.207022,-0.568819,-0.392175,0.565859,0.161776,0.272324
-0.125850,0.656823,-0.634617,0.631740,0.707855,-0.756326,-0.449200,0.667067,-0.305854,-0.149046,-0.632536
-0.474383,-0.569443,-0.423826,-0.882903,0.031896,0.188343,0.775778,0.521603,-0.418581,0.447394,1.721182
-0.763263,0.707826,0.736437,0.171022,-0.593483,0.527446,-0.221331,-0.670881,0.233907,0.254462,-1.109740
-0.743940,-0.700167,-0.446819,0.303448,-0.668680,0.647255,-0.128455,-0.644270,0.466603,0.333698,0.551642
0.370088,-0.459538,0.728179,0.859948,0.276165,-0.453704,0.384136,-0.924916,0.081357,0.084226,-0.251682
0.892415,-0.179054,-0.157899,0.753464,0.709878,0.921581,-0.546355,0.935640,-0.991995,0.664782,-1.914549
-0.678374,-0.541370,-0.477413,-0.346765,0.490017,-0.710050,-0.128797,0.007626,0.081409,-0.900655,1.186909
-0.006350,-0.952410,-0.320388,-0.899844,0.884302,-0.033211,-0.338824,0.052141,-0.013010,-0.261278,1.393350
0.050040,0.215193,-0.667664,-0.803092,-0.767547,-0.178418,-0.855101,0.293950,0.111208,-0.501484,0.254638
0.594389,-0.449339,0.819885,-0.389916,-0.286273,-0.998837,-0.538162,0.207395,0.416264,-0.273417,-0.173627
0.804304,0.007327,0.911541,-0.529422,-0.198395,0.444948,0.468789,-0.609814,-0.158182,0.714947,0.070396
-0.643544,-0.096066,-0.000014,-0.505897,0.183356,0.269379,-0.566535,0.986259,-0.070406,0.457077,-0.218408
-0.270063,0.225433,0.257114,0.892073,-0.036424,0.353952,-0.890307,-0.863188,0.979667,0.411559,-1.042812
0.945748,0.825068,0.353042,-0.351119,0.746497,0.346736,-0.756412,0.859844,0.910775,-0.347046,-1.048512
0.476824,0.707085,0.966318,-0.636307,-0.082163,0.458501,-0.716466,-0.960782,-0.492674,-0.915715,-1.498768
-0.058633,0.326428,-0.348427,-0.148889,-0.332847,0.960806,-0.273905,0.727279,0.826153,-0.789918,-0.518317
-0.056787,-0.331711,0.029397,0.037331,-0.206981,-0.285191,0.280991,-0.007166,-0.509120,0.411511,0.270761
0.505055,0.232006,-0.140656,-0.133812,0.958508,0.913508,0.814198,-0.900644,0.099799,0.578061,1.024643
0.547287,-0.540338,-0.148801,-0.656985,0.598072,-0.848164,0.410943,-0.428304,0.449332,-0.380392,2.007966
0.374685,-0.358667,0.313287,-0.710146,0.287372,0.866706,0.845987,-0.092644,0.625501,0.388052,1.258993
0.571916,0.800269,-0.242094,-0.296302,-0.560887,0.905810,-0.045432,-0.039672,0.941909,-0.967362,-0.326917
0.546293,-0.811235,0.767762,-0.512551,-0.681333,-0.765201,0.699609,-0.001688,-0.154982,-0.487771,0.669652
0.780554,-0.656193,0.723493,0.125400,0.604690,-0.356782,0.995837,0.331940,-0.887343,0.509495,0.123617
-0.901511,0.954354,-0.776442,0.079905,-0.588574,0.896632,0.519142,0.719012,-0.293721,-0.321192,-0.387946
0.808146,-0.480936,-0.694862,-0.196697,-0.760411,0.830796,-0.881764,0.549991,-0.483385,-0.550219,-0.899931
-0.317059,-0.716233,-0.164990,0.450424,0.962309,0.425677,0.850881,0.544214,0.167402,-0.816485,0.437357
0.298423,-0.398319,-0.198565,0.901425,-0.374188,0.632907,-0.968864,0.758226,0.500324,-0.578867,-1.804180
0.438251,-0.189550,0.447907,-0.001527,-0.508604,0.121386,0.566301,-0.058272,0.228402,-0.150610,0.021422
0.509252,-0.276369,-0.124265,-0.756352,-0.847332,-0.029987,0.470716,0.084518,0.833514,0.828175,1.625296
-0.784744,0.832773,0.264845,-0.667696,0.312451,0.381589,-0.809741,0.058862,0.812769,0.382499,-0.170741
-0.221950,-0.768026,-0.627228,-0.482414,-0.112058,-0.597014,-0.737083,-0.909149,-0.847293,0.684181,1.159827
-0.680783,0.391757,0.123560,0.473247,0.198349,-0.766633,0.270842,-0.461362,-0.554937,0.804909,0.077361
0.819758,-0.607143,-0.958949,-0.089103,-0.542155,-0.892561,-0.668229,-0.298558,-0.604662,0.638590,0.832119
-0.532116,0.622514,0.293334,0.007339,0.249023,-0.726740,-0.239167,0.343006,0.108568,0.446217,-0.251616
0.398508,-0.121803,0.243400,0.140492,0.099927,-0.826920,0.295846,-0.057891,0.663895,-0.914407,0.392846
0.771662,0.689536,0.794707,0.937520,-0.445505,-0.652561,0.890452,-0.964546,-0.205120,-0.276597,-0.869954
-0.266850,0.476833,0.607617,-0.491108,0.956550,-0.454935,-0.059335,0.152921,0.545047,0.792608,0.510189
0.298183,0.202615,-0.626093,-0.882211,-0.676863,-0.324955,0.665055,-0.108899,0.139880,-0.400255,1.704195
0.177207,0.129899,0.416048,0.960289,-0.254324,0.811485,-0.895681,0.083448,-0.069784,0.647310,-2.303828
-0.071542,-0.452875,0.371490,-0.659065,-0.756786,0.791332,-0.395862,-0.718009,-0.008210,-0.186713,-0.080662
0.500639,0.388632,-0.464102,-0.449200,0.914665,0.127309,-0.429874,0.266177,-0.485671,-0.707942,-0.155102
-0.488495,-0.999448,0.010620,0.147087,-0.578572,-0.151776,-0.125099,-0.867395,0.996378,0.421783,1.157523
-0.974953,-0.900361,-0.722387,-0.701474,-0.168833,-0.185376,-0.272014,-0.214946,-0.336010,-0.908828,1.324666
0.513846,0.424289,0.670605,-0.519142,0.288591,0.406465,0.406703,-0.897451,0.271742,0.823454,0.517403
0.390805,-0.207716,0.932562,-0.729807,0.502699,0.928051,0.672539,0.563545,-0.453883,-0.039003,-0.302610
0.471162,-0.979112,-0.707624,-0.186822,0.282350,-0.387720,-0.600039,-0.356641,-0.321096,-0.449910,0.812848
0.350804,-0.972625,-0.464085,0.095386,0.983184,-0.768956,0.474954,0.614879,-0.397756,-0.931613,0.972351
0.973963,0.589434,0.011503,0.399516,-0.269313,0.934021,-0.452736,-0.468211,-0.545157,-0.319791,-1.758762
-0.591334,0.069375,-0.562436,0.374460,0.257349,-0.538642,-0.231140,0.208912,0.747595,-0.732843,0.378352
0.426567,-0.143233,-0.586487,-0.740030,-0.440049,0.295699,0.428732,0.826693,0.312033,-0.917074,0.874839
0.718844,0.160188,-0.810618,-0.487166,-0.228258,-0.788101,-0.979975,-0.109042,0.825409,0.284506,1.014793
-0.796681,0.179472,-0.004531,0.741590,-0.615393,-0.369612,-0.454994,0.999677,-0.877560,-0.260078,-1.834152
0.986783,-0.544961,0.622788,0.271062,-0.769805,-0.586760,-0.444019,-0.684683,-0.694963,0.253868,-0.879339
0.154890,0.532697,0.722466,-0.608187,0.663912,-0.062692,-0.297582,-0.504958,0.378334,0.213964,0.044772
-0.706842,-0.777252,0.225129,0.342409,0.398308,0.167541,0.797186,-0.138743,0.303282,-0.451590,0.660536
0.870023,0.702118,-0.837138,0.099473,-0.226665,0.594386,0.335088,-0.725162,0.759469,-0.927137,0.507232
-0.875320,-0.445930,0.072990,0.905741,0.982706,-0.710322,0.088291,0.810440,0.314591,0.250913,-0.062561
-0.405966,-0.067866,0.258474,0.984974,0.222603,0.834729,-0.262365,-0.620105,0.577772,-0.491986,-1.166888
-0.083737,-0.320600,-0.554920,0.972499,0.952798,-0.817716,0.489291,-0.119647,0.508257,-0.872786,0.748330
0.863069,-0.800507,-0.992075,-0.377342,0.059547,0.046291,0.536062,-0.923027,-0.711074,-0.830730,1.648794
0.280707,-0.488435,0.721697,-0.959265,0.592759,0.287074,-0.560529,-0.441091,0.425515,0.544840,0.546407
-0.717762,-0.126188,0.054080,0.209467,0.563443,-0.203422,0.919065,-0.685001,0.263950,0.399523,1.318659
-0.854956,-0.508364,0.777793,-0.868585,-0.877651,-0.597991,-0.028384,0.890482,-0.588123,-0.633652,-0.236654
0.672895,0.265145,0.899113,0.416481,-0.464643,0.616467,0.394961,0.486415,0.385574,-0.580030,-1.569337
-0.024407,-0.661851,-0.784969,0.280685,0.737697,-0.634613,0.649025,0.945118,0.935183,-0.257803,1.672295
-0.514933,-0.550383,0.771667,-0.265136,-0.385177,0.885704,-0.210884,-0.701404,-0.427799,0.746653,-0.457753
0.087557,0.225163,0.291554,-0.191513,-0.810259,-0.650522,0.127428,0.454123,0.061829,0.784399,0.081907
-0.752549,0.175752,0.197824,-0.262824,0.844630,-0.046721,0.722208,0.174464,-0.375865,0.873456,0.817649
0.780047,0.284244,-0.373024,0.372066,-0.546262,0.820037,-0.908240,0.010013,-0.519049,-0.060710,-1.701532
0.070217,0.137108,0.426984,0.548856,0.983263,0.975435,-0.796852,-0.797329,0.513288,-0.027898,-1.221174
-0.603376,-0.423019,-0.492952,-0.770580,0.045505,0.205415,-0.280814,0.383835,-0.629185,0.590901,0.802690
-0.097283,-0.962068,0.122070,-0.601162,0.889713,0.566556,0.666780,-0.435271,0.387543,-0.916801,1.476686
-0.692245,0.614307,-0.259499,-0.093838,0.032321,-0.614103,0.149027,0.372839,-0.810435,0.777109,0.165146
-0.129528,-0.140517,-0.206693,-0.166430,0.056412,-0.699208,0.901363,-0.737776,-0.981161,-0.108116,1.208161
-0.259920,-0.191020,-0.272703,0.567000,0.756250,-0.359916,-0.650937,-0.228322,0.090235,0.397876,-0.104608
0.793807,0.997110,-0.901133,-0.474665,0.165902,-0.953165,0.246250,0.994460,-0.622127,-0.927998,0.343372
0.748528,0.290104,0.053403,0.414407,0.311685,0.316452,-0.428081,0.951619,0.241015,-0.682288,-1.481459
-0.936654,0.995285,0.864443,-0.720751,0.440638,0.610558,0.886799,-0.501990,0.971845,0.756710,0.923200
0.957757,-0.874933,0.615021,0.520804,0.770846,0.854501,-0.196095,-0.504413,-0.544397,-0.544856,-1.264663
0.603977,0.122630,-0.455895,-0.486533,0.966118,0.971534,-0.620796,0.729488,-0.906583,-0.534664,-0.857604
0.452867,-0.600535,-0.589609,-0.364557,-0.766123,0.075530,-0.300333,-0.796112,0.500624,0.566533,1.314778
0.097498,-0.679448,0.448729,-0.920265,-0.417017,0.831420,-0.392458,0.466093,0.911461,0.315447,0.348047
-0.708340,-0.364384,-0.114609,-0.230668,0.051427,0.094718,-0.055690,0.782169,-0.130125,0.627138,0.296293
0.288420,-0.461388,0.133358,0.673646,-0.561552,0.344372,0.109229,-0.651105,0.161555,0.406621,-0.300971
-0.777832,0.541743,0.928697,0.509346,-0.228810,-0.700149,0.690241,0.637526,0.083395,-0.591083,-0.966864
-0.942232,-0.379453,0.503872,-0.387110,0.472284,0.621360,0.999239,-0.855594,0.175941,0.154944,1.268512
-0.597418,0.044323,-0.993422,0.564920,0.197623,0.310996,-0.429353,-0.091946,-0.179824,0.659733,0.069823
-0.913311,0.661707,-0.611174,0.566721,0.638474,-0.077064,0.465346,-0.589322,0.838557,-0.744280,0.756524
0.863907,0.539482,0.216801,-0.846134,-0.398085,0.556507,-0.231467,0.459570,-0.450888,0.974700,-0.428873
-0.126287,-0.189841,0.635701,0.309353,0.396518,0.338028,-0.411632,0.863884,0.844860,0.555733,-0.873894
0.487770,0.939309,-0.598299,0.701868,0.727049,0.573840,-0.904808,-0.352841,-0.302438,0.407982,-1.340317
-0.989908,-0.126588,-0.999033,-0.850220,0.709285,-0.080923,-0.140357,0.384717,-0.835323,-0.233940,1.273878
0.444176,-0.006620,-0.546821,-0.862058,-0.491024,-0.111073,-0.768089,-0.560279,-0.065474,0.148087,0.768032
0.376381,0.048697,0.037828,0.617796,-0.218235,-0.994797,-0.079993,-0.917226,0.455557,0.913986,0.472843
0.982183,-0.333096,0.715512,0.100247,-0.069969,-0.553487,0.261044,-0.306636,-0.120299,0.101197,-0.140533
-0.481471,-0.967996,-0.119108,-0.397503,-0.020587,-0.026565,0.215211,0.344976,-0.609983,0.648370,0.900709
-0.722844,0.850095,0.562442,0.418217,0.376335,0.770592,-0.328969,0.655664,-0.741207,0.613302,-2.122581
-0.808133,-0.582966,-0.510797,0.225268,-0.969636,0.044224,0.644421,0.962007,-0.203732,0.443324,0.517649
0.253553,-0.313987,0.254586,0.002827,0.661478,-0.014492,-0.089398,-0.972467,-0.857068,0.057772,-0.038353
-0.610143,-0.761783,-0.251396,-0.527923,-0.124113,-0.729502,0.871202,0.301748,0.169557,0.938948,2.300707
0.485243,0.547705,-0.660775,0.137783,0.703914,-0.508938,-0.816394,-0.513781,-0.124135,-0.159657,-0.043342
0.712752,-0.993557,0.290805,-0.765183,-0.843005,0.336295,-0.134955,-0.181608,0.777108,0.759858,1.034558
-0.574126,-0.860850,0.808344,0.706972,0.758759,-0.395566,0.317282,0.031232,-0.569166,0.134056,-0.503290
-0.830766,-0.412976,-0.497785,-0.369389,-0.524683,0.048582,-0.208986,0.910746,-0.567323,0.720600,0.329881
-0.285497,0.798646,0.458530,-0.887266,0.575243,0.508343,-0.216417,-0.815250,0.978412,-0.146201,0.548747
-0.115919,-0.183460,0.480258,-0.302940,-0.452914,0.682111,-0.766205,-0.786936,0.587616,-0.575019,-0.577791
0.335192,0.967900,-0.072422,0.426576,0.618089,0.002480,-0.961079,0.318061,-0.294093,-0.258688,-1.760855
0.080373,-0.446503,-0.071442,-0.853662,0.333091,-0.647707,0.426941,-0.187388,0.149220,-0.350536,1.776194
-0.965446,-0.091616,0.175391,0.022754,0.867211,-0.823833,0.207210,0.893335,0.953678,-0.868855,0.597190
-0.801445,0.661674,-0.808694,-0.413336,0.086243,0.304979,-0.026479,-0.581993,-0.827739,0.831600,0.746807
0.009666,-0.269014,0.943900,0.479560,0.997206,0.816652,-0.047251,0.558464,0.648248,0.598367,-1.038470
0.519505,-0.662765,0.671213,-0.169968,-0.363496,-0.863558,-0.317238,-0.159276,0.750297,0.198144,0.374092
0.029713,0.530982,-0.465244,-0.624232,0.509913,-0.637620,0.143741,-0.627198,-0.166257,0.490724,1.490593
0.955390,-0.103438,-0.946471,-0.858446,0.767397,-0.031483,-0.073460,0.774189,0.776168,0.487492,1.819995
-0.549593,-0.350786,0.022524,0.029351,0.554865,-0.722941,-0.089950,0.390076,0.381995,-0.052304,0.582416
0.756835,0.088066,-0.557278,-0.244476,-0.897084,0.067516,-0.610259,0.053177,-0.574936,0.943419,-0.187846
-0.235460,-0.808612,0.236855,-0.731453,-0.898868,-0.713965,-0.701709,0.109690,-0.233696,-0.199331,0.267906
-0.693424,-0.219966,-0.355476,0.877778,-0.894252,0.213273,0.309851,0.578687,0.383758,-0.234725,-0.456470
-0.807420,-0.365328,0.122767,-0.357796,0.069726,-0.496591,-0.693856,-0.089795,-0.963621,0.542627,-0.076917
-0.468806,0.243529,-0.111639,0.737038,-0.665843,-0.232862,-0.835841,-0.670608,0.681622,0.074874,-0.709695
0.761255,-0.065256,-0.962548,0.881115,0.988304,-0.303388,-0.363767,0.383193,-0.848561,0.547953,-0.399971
0.745709,-0.429738,0.290740,0.908942,-0.453632,0.205570,-0.805689,-0.381087,-0.701939,-0.457779,-2.068586
0.327352,-0.163385,0.079571,-0.603427,0.737366,-0.959265,-0.854828,-0.532372,-0.794032,0.982403,0.530370
-0.997843,-0.589054,0.646864,-0.831459,0.514644,-0.725043,-0.915270,0.821986,0.842578,0.183722,0.489219
0.753157,-0.111193,0.132144,-0.461695,0.673027,-0.138004,-0.259860,0.850165,-0.976678,0.338798,-0.428766
0.961291,-0.969605,-0.879570,-0.177962,-0.849454,0.938610,-0.996253,-0.690406,-0.050305,0.768233,0.315863
-0.402773,-0.233603,-0.695003,0.856334,0.695154,0.090670,-0.062061,-0.596528,-0.494060,-0.388902,-0.078263
-0.051181,-0.748963,-0.178617,-0.601753,-0.421459,0.278234,-0.401282,-0.668985,-0.447165,-0.408819,0.478636
0.087195,0.266089,-0.766995,0.111343,-0.235706,0.255614,0.827459,0.945496,-0.505959,0.220821,0.325228
-0.738280,-0.610352,-0.196870,0.023243,0.390873,0.648752,0.370547,-0.658527,0.144566,0.917819,1.163092
0.694638,0.304261,0.457286,0.105794,0.432667,-0.413941,0.937155,0.216947,-0.569625,0.903908,0.157869
-0.618753,-0.111128,-0.756688,-0.341886,0.800512,-0.003495,0.976106,-0.695920,0.232986,-0.765989,2.174449
-0.593549,0.755572,-0.554638,-0.062060,0.664081,0.720291,-0.558105,-0.356762,0.234210,0.418424,-0.012080
-0.826966,0.360284,-0.040037,0.435161,0.058381,-0.760657,-0.018197,-0.868773,0.685398,-0.946908,0.323712
0.492974,0.091369,-0.580200,-0.055221,-0.171921,-0.083568,0.913926,0.100387,0.374938,-0.051712,1.253557
0.939014,-0.520833,-0.939013,0.326231,-0.782147,-0.574521,-0.491626,0.756671,0.192801,0.384944,0.232427
-0.543433,0.811303,-0.638358,-0.253734,0.545045,-0.280159,-0.879822,-0.594609,0.234484,0.795504,0.562051
-0.547480,-0.463407,-0.347287,-0.389866,-0.873268,-0.980295,-0.072683,0.725796,-0.551631,-0.544634,0.450727
-0.346409,0.630240,-0.130379,0.038249,0.655895,-0.099189,0.994842,0.952012,-0.441730,-0.386008,0.088766
-0.278530,-0.297955,-0.000261,-0.875372,-0.350334,-0.778360,0.817031,0.118026,0.958075,-0.389690,2.177643
0.371070,0.341309,-0.635839,-0.827327,0.147612,-0.210002,0.988696,-0.834550,0.093562,-0.137409,2.282663
0.475216,-0.951883,0.179217,-0.320970,-0.847454,-0.222220,-0.538860,-0.890945,-0.648567,-0.464639,-0.045275
0.271716,0.535927,0.753401,-0.607541,-0.374726,0.506195,-0.940045,0.854766,0.715603,0.228203,-1.320842
-0.213840,-0.190635,-0.428517,0.674553,-0.474678,0.377460,-0.224379,0.340514,-0.018550,0.724771,-0.529708
-0.964792,0.527896,0.973014,0.969226,-0.942033,-0.924436,-0.987758,0.418518,-0.517927,-0.516813,-2.906838
-0.712230,-0.342500,0.247412,0.513915,-0.044382,0.978041,0.796889,-0.310283,-0.430711,-0.108265,-0.370737
0.021591,-0.517135,0.410504,-0.070260,0.267935,-0.168813,-0.066250,-0.091948,0.551650,0.335507,0.428728
-0.292385,0.746778,-0.299497,0.041997,-0.912474,-0.100706,-0.880193,0.633092,-0.509258,0.902519,-1.179606
-0.185563,0.403739,-0.676670,0.081009,-0.235921,0.671677,0.524023,0.962554,-0.609070,-0.466666,-0.402579
-0.786082,-0.069593,0.073992,0.782928,0.015789,0.777001,-0.705920,0.505101,0.596969,-0.919379,-1.667668
0.609945,0.572104,0.095351,-0.027460,-0.434857,-0.507087,-0.749468,-0.510461,-0.293283,-0.218778,-0.844512
0.338384,-0.219819,-0.476138,0.014031,0.145899,-0.442954,-0.820135,0.793837,0.333020,0.042991,-0.084347
0.408393,0.063672,0.130220,0.494921,-0.319599,-0.723741,-0.368573,0.510514,-0.983550,0.795426,-1.126461
0.041953,0.059943,-0.473211,-0.601923,0.533295,0.317491,0.336393,0.259983,-0.430480,-0.193094,0.785745
-0.425824,-0.790585,0.767693,-0.690611,-0.513538,-0.906083,0.005254,-0.085623,-0.177819,0.138486,0.697250
0.827954,0.254752,-0.945812,-0.865377,0.627826,0.667402,0.948808,-0.623511,0.104021,-0.098216,2.175708
-0.943711,0.360145,-0.835644,-0.286302,-0.067023,0.905255,-0.736893,0.929409,0.868253,0.657271,0.154974
0.809157,0.954281,0.993854,-0.537675,0.542352,0.659009,-0.200572,0.805376,0.550494,0.147737,-1.241555
-0.015829,-0.125118,-0.382586,-0.348234,0.171307,-0.242667,0.640322,0.983644,0.340528,0.027898,1.124169
-0.922545,0.011552,-0.286675,0.206503,0.820684,0.213631,0.331299,0.206281,-0.159574,-0.404745,0.239498
0.385611,-0.802185,0.839240,-0.198981,-0.267149,-0.293086,-0.437690,0.807020,-0.673445,-0.750251,-1.271273
-0.122049,-0.882605,-0.253187,0.884469,0.752164,-0.237306,0.902951,0.818531,-0.743401,0.219212,0.190096
0.594860,-0.344247,0.748529,0.033928,-0.300161,0.089717,0.788459,-0.180879,-0.785678,-0.950790,-0.620697
0.899723,-0.958470,0.272706,0.577462,0.654556,-0.639392,0.825428,-0.397467,-0.749328,0.882124,0.666170
-0.220728,0.236373,-0.034095,0.422054,-0.845653,-0.093034,0.584917,-0.001595,-0.789585,-0.282075,-0.579417
-0.661847,0.869450,0.350308,0.391066,0.967073,0.600520,0.475358,-0.562084,-0.272271,0.331551,-0.505162
-0.951694,0.108894,-0.973142,0.953021,0.185062,-0.527506,0.338022,0.410575,0.145332,0.205746,0.515877
0.999396,-0.698578,-0.296124,0.295394,-0.121617,0.897446,0.656681,0.197384,0.607029,-0.224632,0.414650
0.485347,0.665134,0.954271,-0.635407,0.163539,-0.199635,0.277259,-0.054119,0.265333,0.839446,0.096937
-0.832459,-0.694183,0.088185,0.665232,-0.567421,0.471574,-0.864812,-0.731893,0.640465,0.957814,-0.402394
-0.250566,-0.686593,0.028888,0.208540,0.480510,-0.539510,0.189213,0.792600,0.329974,0.451539,0.602080
-0.585288,-0.121116,-0.501705,0.078322,0.603450,-0.546187,0.978181,-0.438477,0.159365,0.955514,2.089429
-0.253339,0.656359,-0.046295,0.647650,-0.984093,0.521624,-0.963995,-0.451299,-0.394399,0.263321,-1.955337
0.877151,0.664392,0.598304,0.886332,-0.866864,0.920335,-0.420936,0.598176,-0.968854,0.363064,-3.247562
0.992660,-0.151001,-0.882976,-0.829705,0.758305,0.049691,-0.038763,-0.912113,-0.951710,0.502101,1.576413
0.694660,0.525620,-0.148530,0.150747,0.143047,0.785660,0.671848,0.173291,-0.648437,0.435106,-0.420667
-0.641706,-0.405002,0.550203,-0.496027,0.116019,-0.362686,0.410466,-0.136225,0.239091,0.857685,1.150466
0.023855,-0.868054,0.095279,-0.265550,0.069172,0.002747,0.573089,-0.208769,-0.204114,0.271144,1.075659
-0.483406,0.056733,-0.094804,-0.846873,-0.242431,0.776409,0.627705,0.838223,-0.996563,-0.615550,0.013328
0.994798,-0.177258,0.254905,-0.524157,-0.615009,0.578312,0.948371,-0.455297,0.249221,-0.793885,0.642925
0.972986,-0.445609,0.760874,0.529229,-0.291600,-0.174580,-0.110036,0.776429,-0.364779,0.141929,-1.533105
0.663628,-0.858237,0.665644,0.402931,-0.705487,-0.185357,0.010449,-0.644779,-0.307814,0.974916,-0.309054
0.644822,-0.340008,-0.765740,-0.274560,0.258022,-0.666136,0.604767,-0.385889,-0.378989,0.437292,1.864285
0.627873,0.334425,0.966693,0.720939,0.474411,-0.916322,-0.296574,-0.245792,0.637303,-0.327091,-1.109182
-0.201353,0.016253,-0.082316,-0.879907,-0.464633,-0.066616,0.909600,0.706286,0.689200,0.545737,1.707860
-0.848427,0.477424,-0.495594,0.690315,0.789822,0.697572,0.441143,-0.288200,-0.781725,-0.508987,-0.527709
-0.025847,-0.998191,-0.610606,0.707674,0.148351,-0.309095,0.894698,0.900100,-0.140015,0.293801,0.863679
0.109400,-0.508142,-0.506989,0.913588,-0.662047,0.831508,-0.848297,0.983520,-0.418005,-0.821018,-2.122615
-0.621196,0.251202,-0.428286,0.875198,0.376046,-0.840381,-0.196544,-0.559918,-0.711563,-0.311866,-0.375655
-0.425701,0.433587,-0.299188,0.125143,-0.476655,-0.934990,-0.139529,0.668604,-0.533529,0.135774,-0.281546
-0.337329,0.457754,-0.016337,0.899900,-0.408401,0.634805,0.623365,-0.259326,-0.393315,-0.260783,-1.028274
-0.165216,0.087948,-0.531008,0.498747,-0.565827,-0.586688,-0.627331,0.692995,0.262861,-0.714766,-0.692013
-0.870341,0.470091,-0.365618,0.075764,-0.214461,-0.345340,0.116068,0.779684,-0.147713,-0.783217,-0.248714
-0.419312,0.874770,0.761617,0.592931,-0.258119,-0.010879,0.025284,0.294026,-0.005233,-0.832582,-1.900496
-0.327970,-0.085741,-0.874526,-0.848691,-0.538304,-0.803440,0.868935,0.388765,0.749925,-0.653930,2.531310
-0.436679,-0.985847,-0.419483,0.360628,-0.148470,0.726453,0.560662,0.547286,0.343490,0.180589,0.621506
-0.877495,-0.245732,0.299107,0.174518,0.769782,0.078892,-0.179499,0.606114,0.338854,-0.193458,-0.308237
0.676004,-0.220589,-0.342429,0.426233,0.636629,0.932721,0.455082,-0.587129,0.767452,-0.860200,0.353982
0.693437,0.559917,0.826106,-0.707723,0.264559,-0.322149,-0.910137,0.442230,-0.947392,0.831553,-1.303481
-0.712966,-0.172120,0.169394,-0.128729,-0.802948,0.600384,-0.684510,-0.040224,-0.184786,0.369348,-0.790534
-0.479963,0.556453,0.966693,0.548220,-0.800027,-0.166199,-0.229836,0.387240,-0.234618,-0.058645,-2.059298
0.228483,-0.458997,0.540254,-0.412045,-0.686085,-0.264667,0.804511,0.892734,0.329209,-0.122345,0.479112
0.953423,0.655895,-0.869452,-0.668235,0.387824,0.042314,-0.992495,0.929220,0.151742,0.588912,0.076252
-0.339305,0.269518,-0.335914,-0.743607,-0.193015,0.117155,0.248792,0.481770,-0.228798,0.991934,0.930706
0.398269,-0.709574,0.253768,0.071282,-0.760790,0.252632,0.012032,-0.717308,0.499364,-0.853361,0.035685
-0.464085,0.551239,-0.423251,-0.971222,-0.635524,-0.448827,0.346079,0.931191,0.950090,0.034042,1.465084
0.592335,0.471092,0.261837,-0.741410,-0.133950,0.510958,-0.348056,-0.268332,0.750825,0.217022,0.147411
0.295613,0.794592,0.117768,0.137379,-0.983487,0.749929,-0.148042,-0.255440,0.059209,-0.655358,-1.339972
0.472614,-0.024254,0.751366,-0.651468,-0.881824,0.284074,0.059432,-0.846070,-0.156628,-0.412400,-0.212596
-0.155869,0.405811,0.212886,0.156370,-0.009636,-0.470576,0.446587,-0.044809,-0.127909,0.669101,0.182712
0.189536,0.387760,-0.689047,0.835304,-0.412464,-0.940759,-0.982061,0.672183,-0.830623,0.138323,-1.425391
0.983859,0.167968,-0.444292,0.097050,-0.275003,-0.992099,0.662860,-0.531966,0.940923,0.105769,1.644071
0.521566,-0.318635,-0.130223,0.021392,-0.033911,0.244834,-0.926471,-0.786992,-0.845758,-0.662128,-0.918498
0.767370,0.591548,0.405140,-0.616744,0.246847,-0.683586,0.475408,-0.252059,-0.180248,0.352027,0.662641
0.625760,0.591587,-0.797093,0.655945,0.778718,0.442337,0.163652,-0.082170,0.883025,-0.337967,0.167823
-0.979063,0.969373,-0.687391,-0.668966,0.239218,0.677797,0.096969,-0.318186,0.934268,0.448930,1.351196
-0.015899,0.699930,-0.704181,0.323643,-0.689175,0.627693,0.899958,-0.859846,-0.204067,0.049003,0.468769
0.658245,-0.189933,0.126694,0.035950,-0.436177,-0.344619,0.656758,-0.598316,0.597366,-0.020922,0.935696
-0.874785,-0.314122,-0.703431,-0.153772,-0.766384,0.480042,0.841974,-0.734990,0.002845,0.246279,1.601157
0.461873,-0.077629,-0.554980,-0.806665,0.539568,-0.003461,0.356115,0.317028,0.966518,-0.614610,1.744164
0.626743,0.227859,0.534353,0.836532,-0.763872,-0.312890,0.600350,0.694499,-0.759356,-0.792291,-1.792858
-0.096730,-0.895975,0.878209,-0.852873,-0.519707,0.830487,0.492842,-0.641050,0.523784,0.302393,0.945268
0.076606,-0.588273,-0.399683,0.345587,0.987828,0.857570,-0.077932,-0.012350,0.786928,-0.498028,0.311425
0.128742,0.591102,0.130905,0.054891,0.687262,0.819477,0.301556,0.771434,0.621712,-0.688713,-0.622781
-0.627071,-0.313974,-0.513711,-0.561475,-0.736166,-0.196623,-0.068360,0.516178,0.898008,0.835662,1.491678
0.287889,0.734239,0.222431,-0.040507,0.453255,-0.485657,0.589218,-0.164014,-0.980349,0.104829,-0.148772
0.216094,0.611561,0.650123,0.366345,-0.168632,0.892075,-0.627834,-0.323511,0.352756,0.814516,-1.608457
0.804374,0.360288,-0.168681,-0.856621,-0.696342,-0.556789,-0.144278,0.190192,-0.072047,0.204580,0.579938
-0.094029,-0.784745,0.813757,0.144377,0.132808,0.162212,0.467355,0.996590,0.802180,-0.704241,-0.296345
0.411537,-0.639993,0.252240,0.752055,-0.891722,-0.085195,-0.481364,-0.495815,-0.436752,0.786242,-0.978168
0.436214,-0.415672,-0.496246,-0.686925,0.753497,-0.719478,-0.158096,-0.821801,0.440359,0.768120,2.264577
-0.795628,0.948886,-0.860924,0.702578,-0.948235,-0.322083,-0.066284,-0.999786,0.327881,-0.121609,0.129155
-0.660734,0.738307,0.088231,0.462936,0.452804,-0.031148,0.762188,0.362164,0.160950,0.775679,0.067346
0.962784,-0.949348,0.054093,0.869229,0.252465,-0.220085,0.142227,0.493337,-0.390911,0.899095,-0.388885
-0.803590,-0.090189,-0.624199,0.845838,0.474079,-0.511436,-0.583116,-0.985158,-0.029220,-0.884799,-0.080006
-0.917507,-0.184239,-0.493311,-0.891801,-0.570329,-0.219919,0.037035,-0.809296,-0.791861,0.582433,1.516992
0.546340,-0.309696,0.358976,-0.406783,-0.423397,0.750949,-0.173705,-0.572128,0.621813,-0.163064,0.061268
0.515386,-0.428844,-0.628175,0.367291,0.359680,0.141521,-0.917816,0.950949,0.772459,0.869323,-0.129375
0.024900,0.308241,-0.423659,0.117785,-0.574910,0.481830,0.826959,0.103082,0.073821,0.572046,0.533693
0.307647,-0.616837,0.243879,0.842986,-0.829294,-0.552769,-0.508023,-0.217446,-0.905844,-0.992598,-1.636736
0.266979,0.826809,-0.462139,0.583216,0.605023,0.926397,0.148871,0.145362,0.846822,-0.428329,-0.504435
0.192527,-0.822573,-0.071456,-0.644012,0.719150,-0.889116,0.035403,0.297561,-0.412790,0.359629,1.372198
0.966552,0.159099,-0.068443,0.549371,0.660489,-0.906100,0.751828,0.432246,0.518043,0.825467,0.769550
-0.096144,0.425083,0.204580,0.110952,0.335284,0.876867,-0.075512,0.718592,-0.410120,-0.140678,-1.344636
0.729196,-0.863921,-0.168411,-0.177979,0.183650,-0.641022,0.962304,0.349466,-0.232950,-0.003165,1.435064
0.651472,-0.751103,-0.853046,0.026829,0.260932,0.489181,0.891848,-0.179811,-0.238704,0.968669,1.687906
0.681506,-0.757330,0.722095,0.623884,-0.139471,0.862334,0.337316,-0.572209,-0.309200,0.750493,-0.789709
-0.924614,-0.228068,-0.558185,-0.749037,-0.857080,0.330084,0.402563,0.596243,0.960611,-0.957288,1.333516
0.041429,-0.713954,-0.168056,0.548992,-0.601944,0.667929,-0.193780,-0.668920,0.526865,0.905569,0.141314
-0.286618,-0.490925,0.286044,-0.845860,-0.280650,0.473412,-0.985995,-0.089696,-0.488611,-0.641215,-0.585615
0.541215,-0.965944,-0.544996,0.177844,-0.526990,0.876379,0.811810,0.947760,0.617525,0.125361,0.764637
0.897660,0.924900,-0.461606,-0.924285,-0.673735,0.334925,0.873472,-0.858263,-0.799853,-0.006715,0.991830
-0.871823,-0.917670,0.942833,-0.733133,-0.762685,-0.036052,-0.736479,0.355475,-0.449561,-0.535781,-0.771006
0.270718,-0.142287,-0.657438,0.795295,0.832790,-0.075512,0.672993,-0.602341,0.726647,0.928631,1.400455
0.400179,0.594850,-0.328206,0.985302,0.185435,0.170017,0.192239,0.094607,0.098927,-0.419796,-0.941816
-0.542252,0.346026,-0.301386,0.660504,0.135390,0.529607,-0.200134,0.575965,0.591615,0.826858,-0.530203
0.295122,0.323094,-0.815818,0.014398,-0.364072,-0.195255,0.800575,-0.323865,0.209355,-0.107339,1.294241
0.266815,-0.257362,-0.727142,-0.980780,-0.276390,-0.602643,-0.998323,-0.892805,-0.087202,-0.407837,1.232463
-0.264054,0.251955,0.983597,0.048687,-0.768881,0.476263,-0.518390,0.015182,-0.105203,0.515493,-1.650029
0.816633,-0.282428,-0.641006,-0.587064,-0.460313,0.447984,-0.530631,0.958014,0.382775,0.211252,0.267241
0.846338,0.676858,0.265564,-0.589901,-0.892935,0.860948,-0.986959,-0.995537,0.031953,-0.564464,-1.193289
0.680663,0.196155,-0.460581,-0.282173,-0.815506,0.263767,0.926427,0.958521,-0.488117,-0.770449,0.080064
0.245928,-0.551917,-0.736341,-0.331635,0.828040,0.746827,0.221069,-0.548286,0.122129,-0.950932,1.186668
0.907511,-0.587249,-0.390739,-0.184968,-0.544475,0.117627,-0.493491,-0.564987,0.976006,-0.728413,0.605979
-0.174522,-0.764884,0.057282,0.749410,-0.812902,-0.791859,0.397914,0.435437,-0.678558,-0.647116,-0.515327
0.646591,-0.594686,-0.521259,0.010485,0.205673,0.192338,-0.550039,0.941237,0.863888,-0.318571,0.134333
0.469795,0.517051,0.189211,0.584512,-0.887504,0.898547,-0.483315,-0.278741,0.692549,0.112037,-1.491046
-0.685075,0.276917,0.596482,-0.186103,-0.911155,0.452002,0.054117,0.888326,-0.674867,0.417940,-1.282815
0.425458,0.412990,0.055907,-0.871627,0.866544,0.388159,0.980752,-0.717435,-0.307133,-0.077486,1.364190
0.769836,0.323775,0.365500,-0.724521,0.862354,-0.301706,-0.402963,-0.451219,-0.431097,-0.875090,-0.145508
-0.838878,0.472192,0.412596,0.891121,-0.356635,-0.885451,0.611917,-0.987869,0.717773,0.239033,0.291429
0.462763,-0.552995,0.895429,0.962823,-0.379184,0.837196,-0.028643,-0.839210,-0.690304,0.380070,-1.805576
0.945200,0.761418,-0.356410,0.598173,0.269391,0.700684,0.490839,-0.709820,-0.541568,-0.334642,-0.679913
-0.754282,-0.161923,-0.754939,-0.674519,-0.339641,-0.779176,0.593422,0.565145,0.298319,0.880342,2.297753
-0.397396,-0.515647,-0.864254,-0.428438,0.888181,0.865509,-0.243428,-0.458147,0.103519,-0.328358,1.169182
0.951720,-0.049674,-0.628924,0.366972,0.803613,-0.134814,-0.314142,0.548074,0.581022,0.985829,0.407070
0.939128,-0.764514,-0.920275,0.580017,-0.634875,-0.770340,0.643190,0.827663,-0.856102,-0.547647,0.321996
0.059454,-0.923254,0.377194,-0.983005,0.885647,-0.627992,-0.917251,-0.964557,-0.545596,0.926593,1.127916
-0.926226,0.798164,0.341965,-0.267273,0.188468,-0.947526,-0.107444,-0.020503,-0.955800,-0.895523,-0.600952
0.586967,0.320478,0.287530,-0.839912,-0.248105,0.629505,-0.486962,-0.931800,-0.022350,0.020912,-0.058597
0.143688,0.416223,0.129043,-0.079424,0.524582,-0.063280,-0.809607,-0.984147,0.689876,-0.698908,-0.205367
-0.327003,0.381880,-0.008284,-0.794105,-0.592557,-0.436213,0.215176,0.600853,-0.862791,-0.911934,-0.053577
-0.497864,-0.413267,0.529849,0.809791,-0.303511,0.942517,-0.250360,-0.502230,0.209825,-0.227680,-1.361925
-0.599777,-0.780311,-0.601084,-0.513326,0.071549,-0.695878,0.540759,-0.865021,0.191445,-0.227863,2.519831
-0.454627,0.158170,-0.546852,-0.107785,-0.005474,-0.385753,0.638760,0.771121,-0.845018,0.134955,0.535414
-0.021396,-0.148932,-0.160506,-0.404817,0.683654,0.669510,0.138903,-0.799831,-0.543053,-0.083387,0.557444
0.817766,0.285800,-0.474227,0.598584,0.120112,0.917052,-0.942696,0.506180,0.444395,-0.905479,-1.705025
-0.068433,-0.904651,-0.818185,-0.775131,-0.759600,0.991337,0.696846,0.544705,-0.910571,-0.843080,0.900187
-0.891883,0.642977,0.015870,-0.418991,-0.637080,0.996934,-0.456817,-0.033592,-0.349855,0.254619,-0.841250
-0.641808,-0.762838,-0.386377,-0.141417,-0.609527,0.482973,-0.420157,-0.292055,-0.288271,0.374277,0.302939
0.021308,0.456524,-0.738209,-0.419608,-0.634473,-0.833315,-0.038824,0.609506,0.337359,0.889327,1.140710
0.697636,-0.433703,0.350826,0.566902,-0.575435,-0.266966,-0.839832,0.001189,-0.943785,-0.437106,-1.897432
0.403779,0.884448,0.368681,0.229178,0.672411,-0.423299,0.078210,0.196262,-0.854814,0.667679,-0.907194
0.410668,-0.554828,-0.689096,-0.418401,-0.312929,0.904426,-0.405689,-0.023651,-0.987152,-0.481949,-0.192878
0.030681,0.660083,-0.128204,-0.051349,0.080536,-0.255998,0.190843,-0.857768,-0.539144,-0.884585,-0.042340
-0.427459,-0.200210,0.078524,0.866530,0.824965,0.557195,-0.225904,0.910123,-0.624756,-0.077698,-1.612094
-0.545139,-0.335814,0.232374,0.814345,0.519336,0.389359,0.007387,0.409401,-0.765577,0.669617,-1.109654
0.399248,-0.958321,-0.557353,0.290845,0.099431,0.466981,0.344955,0.996107,-0.610324,-0.540053,-0.125071
-0.847415,0.984399,0.690141,-0.327015,-0.950025,0.979691,-0.594010,-0.022912,0.555687,0.914042,-1.227074
-0.448425,-0.167089,0.037430,-0.768487,0.622999,-0.204550,0.526531,0.590633,0.537146,0.779649,1.659484
0.145390,0.120664,-0.315717,0.788524,-0.978617,0.088027,0.349952,-0.692727,-0.782176,0.304776,-0.537672
-0.167614,-0.779377,0.352888,-0.463821,0.153437,0.301978,0.675498,-0.619432,-0.115906,0.410951,1.220192
-0.742966,-0.271116,0.246123,0.166583,-0.440743,-0.818494,-0.457930,-0.582693,0.620447,0.779479,0.505100
0.402851,0.903999,-0.701110,0.551766,-0.392852,0.983047,-0.870325,0.384124,-0.261039,-0.991705,-2.108004
-0.746220,-0.233103,0.071245,-0.938326,-0.934159,0.157629,-0.899330,-0.144893,0.382997,-0.035588,0.271511
0.720834,-0.934532,-0.434938,-0.001676,0.856692,-0.489973,0.882617,0.290269,-0.625723,-0.252463,1.321078
-0.951648,0.661790,0.961190,-0.271371,0.677838,0.428989,-0.497703,0.310692,-0.376245,-0.167428,-1.518389
-0.500197,-0.938146,0.404178,-0.110253,-0.738659,-0.693551,-0.909497,-0.774499,0.672260,-0.938938,0.103445
0.309636,0.631796,0.378128,0.472625,-0.799041,-0.703885,0.024938,0.869918,-0.174879,-0.621390,-1.501367
-0.543750,-0.130955,0.007519,0.844843,-0.146081,0.190374,0.435457,-0.036071,-0.016314,-0.645266,-0.586044
-0.853640,-0.349445,-0.957226,0.032307,0.869763,0.705294,-0.436227,-0.233605,-0.102385,-0.509340,0.497534
0.668936,-0.319979,0.655789,0.948866,0.092319,0.677003,-0.489479,0.977467,-0.176425,0.324231,-2.374732
-0.444176,-0.357633,-0.423667,-0.174920,-0.840512,-0.209981,-0.488355,-0.403481,0.163349,-0.097101,0.489163
-0.674910,-0.010458,-0.563710,-0.058092,-0.182933,0.605530,0.394116,-0.982007,0.641484,-0.981014,1.036314
-0.768031,-0.989276,0.159768,0.724344,0.881281,0.238258,-0.825787,-0.159488,0.428922,0.597945,-0.351920
0.434318,-0.691664,0.258714,-0.224263,0.464212,0.252345,0.694222,-0.296355,0.587341,0.268705,1.238921
-0.899160,0.437956,0.532034,-0.661065,-0.290444,0.124892,0.087952,-0.870937,0.598986,0.370725,0.723640
0.870319,-0.730595,-0.452058,-0.908268,0.999784,-0.302168,-0.000522,0.973753,-0.733710,0.574191,1.216182
0.560219,0.750485,-0.902526,0.426913,-0.674298,0.495955,-0.721577,0.125206,-0.432170,0.576491,-1.081545
0.458849,-0.075646,0.767058,-0.056739,-0.909541,0.164136,-0.550533,0.099960,-0.020781,0.372185,-1.253978
-0.683322,0.311236,-0.097862,0.792837,0.649603,0.210175,0.816314,0.693943,0.501100,0.687054,0.117299
0.712738,0.482852,-0.044823,-0.053018,-0.780619,0.098839,0.261782,-0.322318,-0.707261,-0.519367,-0.592545
0.863781,0.437356,-0.497557,0.002560,-0.609994,-0.884378,0.803475,-0.240379,-0.251712,-0.656080,0.775862
0.575015,-0.927669,0.986131,-0.876832,0.181274,0.895293,0.556980,-0.564831,-0.358781,-0.492977,0.323609
0.665786,0.577707,0.531633,-0.721956,0.695233,0.291729,0.706480,0.142318,-0.011573,-0.055500,0.334136
0.086707,0.026160,-0.930368,-0.145032,-0.166725,-0.476742,-0.024925,0.318082,-0.315847,-0.950841,0.529348
0.753448,-0.722124,-0.154288,-0.133044,0.552825,-0.975188,0.989869,0.728845,-0.143014,-0.715026,1.275043
-0.513306,0.350109,0.009444,0.088290,0.563782,-0.984385,0.451165,-0.007801,-0.470820,-0.870188,0.269785
0.872036,-0.163559,0.222464,-0.361009,-0.322033,-0.733494,0.464262,0.660152,0.042973,-0.824499,0.275813
0.003895,-0.377990,0.989158,-0.249206,-0.447375,0.174207,0.670628,-0.491941,-0.426557,0.766511,0.098592
0.050651,-0.555774,-0.389690,-0.374341,-0.006475,-0.226307,-0.657869,-0.004815,-0.099553,0.178648,0.523170
-0.504630,0.297862,0.657046,-0.469492,-0.587118,0.983880,0.010155,-0.458923,-0.476484,-0.131533,-0.841415
-0.392252,0.398214,-0.942257,0.853812,-0.110141,-0.429778,0.535539,0.512351,0.063466,0.101608,0.310207
0.750012,0.405475,0.852696,-0.316352,-0.800043,0.015540,0.368887,-0.575610,0.933382,-0.368865,-0.044355
0.460885,0.875965,-0.810137,-0.377333,-0.650924,-0.550713,-0.533761,0.142512,-0.561185,0.934763,0.163689
-0.610412,-0.574519,-0.446363,0.148311,-0.488435,0.828895,0.259271,0.061885,-0.866693,0.622504,0.040177
0.817877,-0.052606,0.296319,-0.187499,-0.107590,-0.308409,-0.374686,-0.133338,-0.578041,-0.596323,-0.705370
-0.089618,-0.246713,0.884789,0.471003,-0.046448,0.224883,-0.066013,-0.841548,0.103505,0.269235,-0.760465
0.913532,-0.380729,0.940527,-0.010524,-0.657612,0.292815,-0.995735,0.999592,-0.808389,0.757621,-2.316083
0.289275,0.839707,0.754761,-0.920503,-0.676238,-0.366744,-0.539277,-0.533508,-0.934669,-0.094381,-0.889029
-0.471625,0.007617,-0.414989,0.294655,0.906614,0.522675,-0.013810,-0.429270,-0.742024,0.920644,0.136260
-0.242610,-0.269942,-0.052083,0.975134,0.824547,0.033491,-0.571526,0.628511,0.154968,0.418240,-1.017109
0.571037,0.916640,0.953061,0.218852,0.912488,0.111930,0.631217,-0.231781,0.422204,-0.123189,-0.622789
-0.444373,-0.322106,0.486919,-0.618722,-0.587953,-0.750785,-0.039967,0.772234,0.683481,-0.173524,0.526781
-0.761830,0.596323,-0.076442,0.249612,0.545494,0.221965,0.000086,-0.612828,0.824886,-0.029158,0.286889
-0.810741,0.143714,-0.280512,0.160468,0.968996,-0.810882,-0.941985,0.251974,-0.992099,0.329029,-0.508319
0.756801,0.309394,0.661438,0.314389,-0.277101,0.530402,0.876877,-0.849510,0.190412,0.962706,-0.047700
-0.990229,-0.484120,-0.197708,0.433899,-0.368836,-0.244784,0.590910,0.772526,0.571670,0.391281,0.685402
0.204541,-0.182800,-0.098235,-0.051770,-0.779968,-0.303638,-0.898926,0.709979,0.273618,-0.713352,-0.852565
0.916154,-0.771456,0.475476,0.153843,0.129518,0.410321,0.281040,0.483689,0.581278,-0.609619,-0.294467
0.786025,0.056527,-0.972669,0.066222,-0.415589,-0.708308,-0.602701,-0.684241,-0.085277,0.928952,0.854267
0.355938,0.955829,0.095640,0.832578,-0.633438,-0.239013,0.268857,-0.919174,0.678694,-0.085477,-0.510065
0.093791,0.235830,-0.828223,-0.818427,-0.623488,0.683850,-0.977016,0.332818,0.585720,0.066749,0.297868
0.120130,-0.344387,-0.781894,-0.221697,0.723918,0.544626,-0.196546,0.234228,-0.491809,-0.949510,0.200797
0.080053,0.334371,-0.821599,0.490350,-0.929240,-0.634621,0.365292,0.557433,-0.253850,-0.408374,-0.003379
-0.993246,0.843409,0.084497,0.790748,-0.694977,0.095994,0.306292,0.487864,0.962206,-0.303609,-0.830629
-0.986476,-0.906437,0.216139,0.322761,-0.039625,-0.214664,0.571747,0.914423,0.997302,-0.839293,0.514152
-0.377428,0.024885,0.485367,-0.061152,-0.235891,0.803709,-0.026973,-0.641858,0.711048,-0.051105,-0.173736
-0.430821,0.425858,-0.750493,-0.619421,0.772930,-0.508759,0.551948,-0.044198,0.670936,0.035175,2.201449
-0.405424,-0.272104,-0.436121,0.414050,-0.119241,0.031206,0.949373,0.195933,0.575412,-0.394257,0.951980
-0.763140,0.838407,-0.461834,0.143760,0.369610,-0.288315,0.688599,-0.409518,0.292260,-0.736143,0.793394
0.051904,0.759148,0.683813,-0.205686,-0.842804,-0.365248,-0.780171,0.096618,0.222894,0.010506,-1.295787
0.536802,0.938162,0.415873,-0.928066,0.837703,0.679113,0.031079,-0.983059,0.499118,0.428866,0.603596
-0.101478,-0.299266,-0.025359,0.023022,0.360352,-0.723837,-0.691496,-0.535947,-0.307432,-0.162454,0.045367
-0.016547,0.569853,-0.492321,0.782516,-0.804483,-0.806200,0.989205,0.077742,0.230798,0.708749,0.635125
0.018701,0.567162,0.516443,0.281199,-0.913275,-0.760476,-0.516547,0.334342,0.072603,-0.017894,-1.310018
-0.973028,0.996433,-0.266254,-0.385859,-0.262000,0.451361,-0.339271,-0.075171,-0.301935,0.858570,-0.186189
0.126666,0.137145,0.457996,-0.143029,-0.685758,0.233070,-0.476536,-0.762551,-0.368790,-0.117675,-0.862713
-0.768138,-0.676097,-0.645856,0.384902,0.580056,-0.997301,0.257188,0.550296,0.412115,-0.298300,1.284262
0.050362,0.207505,0.177301,0.935968,-0.110310,-0.953390,-0.148382,-0.553511,0.347734,0.837380,-0.224816
-0.063976,0.217755,0.016883,0.028694,0.880147,-0.077713,-0.200775,0.399320,0.644378,0.787498,0.289376
0.861663,-0.219369,0.288097,-0.027121,0.536231,0.158207,0.234245,0.161621,0.468050,0.637226,0.324690
0.657674,0.716640,0.136285,-0.818836,-0.544527,0.804540,0.477954,-0.801086,0.920771,0.793519,1.041923
-0.217208,0.744713,-0.070225,0.419828,-0.865238,0.977994,0.954435,0.327555,-0.069872,0.969347,-0.451833
-0.383617,0.771802,-0.392333,0.876171,-0.939180,-0.155874,-0.309133,0.199623,0.680836,-0.910876,-1.141470
-0.803645,0.406147,-0.120403,0.632278,-0.960274,-0.696690,0.149436,-0.989748,0.310639,-0.264657,0.112233
-0.765440,0.879626,0.589869,-0.117293,-0.683020,0.280412,0.580269,-0.334109,0.209980,-0.041866,-0.320508
0.125341,-0.997795,-0.708315,0.484223,0.152477,0.993829,0.863305,0.593345,-0.930664,0.512080,0.324295
-0.864631,-0.050835,0.955662,-0.090929,0.641432,-0.008529,-0.037542,0.320694,-0.921244,-0.775108,-1.229917
-0.037137,0.712052,0.865310,-0.384226,-0.999327,0.222935,-0.783839,-0.322585,-0.832924,0.882021,-1.666394
0.244679,-0.121432,-0.461410,-0.345827,-0.489421,-0.851770,0.241509,-0.735833,-0.370583,0.050236,1.305071
-0.715021,-0.513822,-0.776223,-0.534021,0.977784,0.820549,0.789664,-0.712761,-0.309273,-0.601106,1.889967
-0.890439,0.300889,-0.866065,0.250081,0.188521,0.867783,0.095478,-0.912288,-0.523697,0.630598,0.458411
-0.435674,-0.797529,0.178818,0.935434,-0.642214,-0.610681,-0.850078,0.348546,0.862287,0.354605,-0.711690
0.323067,-0.948929,0.211773,-0.477253,0.239280,-0.192834,-0.668571,0.773792,0.211788,0.038515,0.108460
0.579492,0.845405,0.865404,-0.149412,0.234255,-0.726394,0.977368,-0.269748,-0.343900,-0.710142,-0.189372
0.107270,0.791560,0.048698,0.552420,0.778019,-0.626704,-0.149267,-0.899389,-0.012236,0.368288,-0.168902
-0.229452,-0.082717,-0.487054,-0.540423,-0.290386,0.518170,-0.341839,0.231664,-0.715424,-0.370705,-0.109017
-0.529654,-0.840431,-0.822309,0.599238,-0.027557,0.114953,0.946739,0.542606,0.861552,-0.526795,1.343179
0.962806,-0.399058,-0.079718,0.654697,-0.975034,0.434826,-0.881422,-0.292849,-0.164072,-0.790903,-1.705159
0.829494,0.694943,0.581849,0.380641,-0.599365,0.264137,0.289900,0.819716,-0.221005,0.973908,-1.463742
-0.362138,-0.290210,0.510367,-0.554053,-0.201586,-0.602608,-0.535016,-0.503566,0.674722,-0.503762,0.461035
-0.553767,-0.015733,-0.959745,0.274952,-0.121879,-0.155897,0.150260,-0.089963,0.562954,0.046726,1.103986
-0.182530,-0.408906,0.652468,-0.316782,-0.492092,0.296499,0.102343,-0.851506,-0.413809,0.188124,-0.021875
0.563804,-0.269945,-0.110643,-0.463495,-0.613227,-0.995149,0.702982,0.265406,0.554024,-0.534002,1.442714
0.316790,-0.944699,-0.076612,0.006997,0.486582,-0.932877,-0.405807,0.804608,0.320949,-0.171741,0.477566
0.256187,0.448130,-0.502552,-0.153729,-0.354049,-0.630297,-0.838590,0.791287,0.205181,-0.414215,-0.432350
0.342767,0.608750,0.887044,-0.620801,0.617989,-0.478487,-0.183355,-0.715247,0.612015,-0.355106,0.165637
0.922298,-0.538784,-0.628714,0.951352,-0.778024,-0.874336,0.392403,0.657410,-0.646220,-0.289757,-0.309854
-0.712696,-0.400384,0.697501,0.337642,-0.053144,0.245026,-0.969328,0.951183,0.149553,-0.432807,-1.873844
0.705987,0.820906,0.217911,-0.120901,0.415465,0.569272,-0.527338,0.529775,0.018179,-0.990924,-1.569811
0.766082,-0.564547,0.716518,-0.566561,0.313371,-0.182198,0.899013,0.215934,-0.474690,0.035219,0.620960
0.415806,-0.794848,-0.424239,0.924634,0.620387,-0.189252,0.232547,-0.798481,0.287027,-0.108069,0.649030
-0.211073,0.545046,0.397893,0.556833,-0.565681,-0.519037,0.728973,0.655669,-0.997639,-0.819253,-1.341049
-0.407029,0.856817,0.044111,-0.407861,0.698707,-0.077727,-0.608302,-0.353277,0.496666,-0.856392,-0.151527
-0.319472,-0.811877,-0.087267,0.736118,-0.418153,0.083031,0.396791,0.029854,-0.398932,0.091797,-0.169276
-0.424062,-0.602656,0.114753,0.497462,-0.737853,-0.594152,-0.428479,0.130032,0.534319,0.142632,-0.186869
-0.435237,-0.544352,-0.550236,-0.842095,-0.879390,0.380046,0.065317,0.267780,0.745894,0.071635,1.503644
0.579776,-0.493759,0.130768,0.754624,-0.820368,-0.753701,-0.137936,0.795118,0.564667,0.804822,-0.409213
0.496261,-0.212933,-0.463789,-0.357543,0.433576,-0.945034,0.543306,0.652355,-0.751946,-0.344532,0.984696
0.017267,0.410337,-0.233182,0.419662,-0.140966,-0.097847,-0.277928,0.166335,0.500989,0.398323,-0.306041
0.655499,0.769410,-0.035933,0.413147,0.768552,0.785279,0.385837,-0.071837,-0.231311,0.396978,-0.666853
-0.790580,0.301482,0.102990,-0.041258,-0.210938,-0.020560,0.971113,-0.301596,0.476035,-0.615309,0.796611
0.702049,-0.972056,-0.755564,-0.944252,0.584641,0.394402,-0.497817,0.112720,0.122415,0.896700,1.680006
-0.570065,0.679238,-0.177852,0.264509,0.713301,-0.124480,0.439900,0.290982,-0.398867,0.314056,-0.018346
0.541310,-0.625040,0.525952,-0.939855,0.278034,0.809328,0.530635,0.715168,-0.413829,0.201232,0.327841
-0.134667,-0.992910,-0.446539,0.469440,0.182298,0.124218,-0.748171,-0.605753,-0.778114,0.004217,-0.285575
0.697240,-0.418978,-0.220058,0.273800,-0.546903,0.050024,-0.517874,-0.211773,-0.546603,0.100116,-0.641003
0.151018,-0.192130,-0.939051,0.852567,0.342790,-0.252123,-0.866938,-0.055558,0.082433,-0.484431,-0.455850
-0.829514,0.150224,0.611995,-0.390835,0.232983,-0.725278,0.977978,0.793926,0.936851,-0.859716,0.915494
-0.145304,-0.431898,-0.842913,-0.033862,0.270746,-0.403646,-0.691570,-0.718227,-0.356009,-0.743313,0.586451
0.387737,-0.404885,-0.353967,0.960376,0.957669,-0.021480,-0.414261,0.225767,0.725842,-0.079846,-0.297115
-0.919290,0.770726,0.930021,0.983243,-0.498985,-0.046241,-0.072923,0.671542,-0.630323,-0.312640,-2.701080
-0.871668,0.921837,-0.533179,0.819692,0.005563,0.488303,0.961283,-0.215625,-0.839103,-0.721329,-0.610096
0.693763,0.786605,-0.968241,0.087974,-0.450982,-0.879196,0.131142,0.440933,0.373416,0.918235,0.907242
-0.169700,0.480050,-0.274315,-0.750416,0.689480,-0.434006,-0.819183,-0.239798,0.125664,-0.891158,0.343237
-0.255387,0.556500,-0.262243,0.146668,-0.887705,-0.588825,-0.050311,-0.283819,-0.456427,-0.727964,-0.407363
-0.229944,-0.392198,0.951878,-0.926779,0.748773,-0.902491,0.750698,0.965944,-0.095344,-0.831763,0.767261
0.083343,-0.405464,0.232265,0.746633,-0.282435,0.024313,-0.180428,0.607156,0.512766,-0.372020,-0.984501
0.793981,-0.351467,0.780290,0.189540,-0.649886,-0.155784,-0.769527,0.250176,-0.291147,0.257074,-1.584753
-0.038940,0.375217,-0.259311,-0.512915,0.777890,-0.488427,0.864848,0.756327,0.715497,0.795035,1.807868
0.614671,0.334751,-0.441599,-0.874756,0.582788,0.948424,-0.187821,-0.914275,-0.211110,0.729800,0.923681
0.103259,0.716500,0.426430,0.824423,-0.034210,0.141167,-0.262120,-0.068114,-0.549655,0.940647,-1.724353
0.894710,0.664483,0.130124,-0.438997,0.658144,0.365279,0.454907,0.329922,-0.208406,-0.127542,-0.073622
0.012137,-0.830734,-0.088858,0.710782,0.119868,0.453123,0.686102,0.770702,0.667242,-0.658323,0.022187
-0.960682,-0.077710,-0.495590,-0.057877,0.363396,-0.213755,-0.667130,-0.594562,0.967696,-0.363242,0.885086
0.505713,0.294465,0.563168,-0.034595,0.506289,-0.711113,0.434565,0.682651,0.542056,-0.396548,0.005139
0.096166,0.648211,-0.354955,0.851667,-0.737122,0.329199,0.836684,0.983234,0.295895,-0.406015,-0.804415
0.081285,-0.578854,-0.971977,-0.934024,0.410241,-0.241453,-0.994722,-0.148635,-0.664973,-0.796552,0.901976
0.768675,0.862622,-0.290224,0.297424,-0.886438,0.677027,0.144377,-0.356419,0.056485,-0.222623,-0.811585
-0.618765,0.748938,0.461582,-0.153628,-0.201584,0.386004,0.491443,0.262460,0.533044,0.677710,-0.038299
-0.387946,-0.729583,-0.929910,0.090882,0.006452,0.628233,0.660008,-0.309456,-0.328151,0.269847,1.350989
-0.393823,-0.332551,0.251913,-0.916867,0.096656,0.025606,0.328396,-0.453376,0.065063,0.430313,1.406050
0.689134,0.011746,0.571828,0.673962,0.374826,0.453981,-0.156593,-0.818706,-0.733085,0.163399,-1.419255
-0.619996,0.135133,-0.327865,-0.770003,-0.351238,-0.288705,0.269238,0.340625,-0.307452,-0.620011,0.812659
0.578955,-0.712138,-0.452024,0.196897,0.600010,-0.026797,0.087541,-0.046873,-0.604343,-0.741313,0.212843
0.034390,0.170338,0.124637,0.756974,-0.528558,-0.940571,-0.085786,0.836384,0.940580,-0.332835,-0.597324
-0.366052,-0.916167,-0.476196,0.559682,0.666539,-0.669258,0.963361,-0.312412,0.294448,0.609221,1.965075
0.327952,-0.407104,-0.927293,-0.580808,-0.472908,0.392569,-0.113671,0.480248,0.684852,-0.152810,1.195989
0.176160,0.072382,-0.878666,0.280678,-0.056887,0.108451,0.763159,-0.933517,0.754677,-0.416446,1.554121
0.557860,-0.372528,-0.958523,-0.965479,0.548659,0.414247,-0.575930,0.065145,-0.490982,0.669883,1.194885
0.376289,0.837344,-0.769725,-0.242974,0.511746,0.279814,0.504939,0.021489,0.012425,-0.835912,0.571676
-0.483702,-0.399393,-0.808177,-0.748783,0.279652,-0.675279,0.330466,0.305815,0.047428,-0.142649,2.091389
-0.949462,-0.410583,0.067356,-0.943978,-0.193927,0.974443,-0.138490,-0.112099,-0.187240,-0.416282,0.384650
-0.970186,0.678063,-0.576882,-0.114155,-0.686195,0.738553,0.857925,-0.517442,0.382504,-0.099998,0.920636
0.510190,-0.112005,-0.857516,0.339272,0.821932,-0.311489,-0.661694,0.657403,-0.882590,0.548303,-0.321361
-0.594352,0.857651,0.629773,-0.765848,0.874968,0.195927,-0.559299,-0.007578,0.565934,-0.438429,-0.332020
-0.474040,-0.743006,0.950229,0.793237,-0.738160,0.087116,-0.955634,-0.005501,-0.351148,-0.457491,-2.310590
0.788028,0.501272,0.344767,-0.712126,-0.014208,-0.982885,0.703515,0.033710,0.632860,0.020889,1.282976
-0.122257,0.470224,0.243202,-0.588577,0.155287,-0.402998,-0.855788,0.134595,0.143208,-0.096241,-0.325614
-0.332009,0.766737,0.610598,-0.790536,-0.670777,-0.845672,-0.219580,0.608481,0.301020,-0.430708,-0.251195
-0.853287,0.489567,0.239537,-0.576432,-0.586598,-0.159126,-0.899437,0.764461,-0.152290,-0.532617,-1.043558
0.104013,-0.741477,-0.995808,-0.053562,0.214034,0.555567,-0.289625,0.493639,-0.090579,0.392358,0.669414
0.028487,0.660811,-0.229325,0.141859,-0.618809,0.533933,0.712620,-0.513283,-0.714776,0.357725,-0.132588
-0.039557,0.375722,-0.994086,0.318077,0.868571,0.680563,-0.960106,-0.883086,-0.356581,0.641365,-0.146012
0.953465,0.545522,-0.650372,0.513679,-0.906752,0.304394,0.574599,-0.636711,-0.980581,-0.357929,-0.508691
0.629085,0.960642,0.962576,0.982383,0.182718,0.407356,0.162579,-0.326709,-0.272014,0.905044,-2.027241
0.507876,0.318610,-0.183157,-0.940503,-0.755304,0.770511,-0.641002,0.053943,-0.468976,-0.269148,-0.514488
-0.601257,0.460398,-0.155518,0.477494,0.624557,-0.541172,0.916028,-0.107786,-0.711370,-0.366148,0.236889
0.438277,-0.503286,-0.020341,0.371996,0.271736,-0.636811,0.263950,-0.580753,0.551739,0.375418,0.986355
0.960963,0.804457,0.644880,0.185210,0.368386,-0.225890,-0.645075,0.040140,-0.834000,0.993778,-1.683068
0.416813,-0.730830,0.605299,-0.210634,-0.982450,0.634798,-0.921138,-0.228604,-0.250496,-0.191592,-1.297080
-0.401430,-0.705040,0.698706,-0.998940,0.282242,0.415317,0.177323,-0.073398,0.451760,0.637033,1.126850
-0.574795,0.856750,0.087227,-0.862178,0.507766,-0.096177,0.227463,-0.561432,0.182033,-0.655155,0.833877
0.285662,0.087292,-0.003065,0.683670,-0.278918,-0.828433,0.738600,0.449778,-0.981121,-0.719682,-0.647048
0.695256,-0.408168,-0.566618,-0.312579,-0.019632,-0.226933,0.949955,-0.465006,0.071733,0.273549,1.968390
0.753126,-0.749949,-0.360612,-0.531520,-0.244958,-0.952735,0.424461,0.854523,0.482600,0.944678,1.886683
0.194351,-0.584420,0.860955,-0.191103,-0.296951,-0.243329,0.746562,-0.944736,0.784766,0.843037,1.270978
-0.071552,0.279607,-0.568762,-0.177039,0.554851,-0.801395,0.806632,0.752284,-0.764598,0.100527,0.979523
-0.268104,0.746814,0.779544,0.808365,-0.518338,0.556261,0.039714,0.063424,0.807032,-0.521485,-1.813344
0.048376,0.977758,-0.893310,-0.234889,-0.796033,-0.826720,0.744109,0.218382,0.697896,-0.301376,1.425388
-0.260085,0.794809,0.336327,0.664775,0.596823,0.684002,0.612135,-0.671415,-0.920458,-0.246876,-1.184536
0.147245,0.064822,0.714931,0.047922,0.972933,-0.142135,0.680247,-0.786961,0.633301,0.345327,0.788742
-0.179962,-0.182276,-0.428504,-0.863593,-0.542720,-0.592472,0.115647,-0.386634,-0.987198,0.128634,1.202476
-0.674428,-0.732258,0.155544,-0.351431,-0.828655,0.130006,0.703406,0.045261,0.268555,0.964185,1.283515
0.383409,-0.359943,0.799623,0.138603,-0.044217,-0.275213,-0.663114,0.319023,0.568261,-0.505676,-1.048775
-0.947530,0.167089,-0.589789,0.720287,0.090739,0.636054,-0.438562,-0.491406,0.791675,-0.768583,-0.351319
-0.867672,-0.294197,0.919336,0.640839,-0.041890,0.595753,-0.233616,0.487346,-0.344169,0.772125,-1.705565
0.853912,-0.947358,-0.926554,-0.151999,-0.749372,-0.970972,0.076723,0.584706,-0.505733,0.424506,1.232532
0.424090,0.605185,0.869283,-0.373473,-0.616710,0.607089,0.460350,-0.030288,-0.732725,-0.267892,-1.187495
-0.883872,-0.073334,0.908470,0.900543,-0.374578,0.812866,0.709972,-0.141669,0.519139,0.022376,-1.026116
-0.699076,0.315016,0.532394,0.067421,0.360501,0.578065,0.349319,-0.865464,-0.250609,0.760409,-0.073954
-0.265478,-0.450860,0.662604,0.219834,0.411944,0.137209,0.541752,-0.898636,0.501685,0.588308,0.667388
0.097350,-0.208375,0.082544,-0.237366,0.819385,0.837126,0.781698,-0.228961,-0.101201,-0.885464,0.444435
-0.143985,0.366714,-0.016647,-0.667212,0.470906,0.169199,-0.227158,0.674389,0.101348,-0.907024,-0.126906
0.449533,-0.550330,0.670748,0.538357,-0.706375,-0.707632,-0.915113,-0.648921,-0.630055,-0.680131,-1.606239
-0.463371,0.930002,0.945828,-0.191230,-0.924704,0.451578,-0.687535,0.331342,0.166278,0.041044,-1.963456
-0.694705,-0.716883,0.686694,-0.275153,0.031844,-0.424833,-0.996287,0.835986,-0.137937,0.534446,-0.706968
-0.730149,-0.178291,-0.611754,-0.317946,0.286165,-0.444542,-0.204518,0.386084,-0.465098,-0.509848,0.583556
-0.378259,-0.872971,0.271715,0.652052,-0.764204,-0.082365,0.401694,0.451838,0.734026,-0.133646,-0.035655
-0.676506,-0.332062,-0.551323,-0.518307,-0.827144,-0.235647,0.484529,-0.108127,0.017233,0.175331,1.569920
0.313814,-0.275370,-0.650288,-0.305124,-0.492205,-0.843780,-0.514596,-0.738743,0.141622,-0.594490,0.988254
0.369590,0.718905,-0.101215,0.123628,-0.381221,0.506699,-0.473891,-0.154661,0.314981,-0.341478,-0.965261
0.556583,0.586434,0.417325,-0.699732,0.917777,0.667374,-0.913723,-0.275833,-0.321593,0.623472,-0.748619
-0.473120,-0.800343,0.699362,0.232380,0.663651,0.710759,-0.609053,-0.734700,0.434282,-0.190022,-0.556016
-0.360288,0.437727,-0.152420,0.776882,0.150018,0.697953,0.934583,0.935160,0.392734,-0.470507,-0.599318
0.266536,-0.778589,0.602443,0.839629,-0.668471,0.357011,-0.395065,0.488560,-0.597268,-0.238475,-2.066310
0.869174,0.982202,0.889635,0.563627,-0.669517,0.641872,0.890322,0.868549,-0.092116,-0.142515,-1.999620
0.029400,-0.276019,0.282358,-0.903794,0.307755,-0.341654,0.384865,-0.933858,-0.907322,0.374423,1.247640
0.769108,0.711179,0.612948,-0.415749,-0.526043,0.199547,0.183063,-0.174787,0.665671,-0.928469,-0.490567
0.522682,0.727112,-0.128771,0.509002,0.247148,-0.338307,0.383132,0.674656,0.363006,0.878108,-0.132516
0.800106,-0.261609,-0.408620,0.969468,-0.367760,-0.679557,0.655722,0.908141,-0.820878,0.374920,-0.433172
0.829224,-0.943399,0.712484,-0.504449,-0.432912,0.563857,0.663095,0.358105,0.712463,0.143382,0.604970
-0.422084,-0.093433,0.663937,-0.278697,0.861671,-0.142259,0.362838,-0.909230,0.503733,-0.350473,0.817117
0.021300,-0.139167,0.638754,0.301959,-0.702442,-0.818649,-0.315033,0.234993,-0.701434,-0.885132,-1.422551
-0.721197,0.166985,0.646964,-0.211953,-0.742857,-0.415944,-0.902904,0.482456,-0.314261,0.177594,-1.287501
-0.546069,-0.243765,-0.790618,0.490929,0.484846,-0.379626,0.525739,-0.687735,-0.167132,0.115360,1.289656
0.740676,-0.303139,-0.012416,-0.068141,-0.861261,-0.917163,-0.767578,0.844294,0.548636,-0.983276,-0.555108
0.335490,-0.774039,-0.287280,0.696449,0.919464,-0.027649,-0.816921,-0.384166,-0.907558,0.817568,-0.553914
-0.416813,0.323451,0.233757,-0.978967,0.668248,0.426441,-0.928499,0.999868,-0.071319,0.918006,-0.342520
-0.638703,0.629533,0.161417,0.901568,0.512373,-0.732572,0.771223,-0.451424,-0.062582,0.914599,0.229397
0.860184,-0.361076,0.016362,0.964449,-0.188947,0.679209,0.420474,0.177804,0.699933,0.576811,-0.438201
-0.625844,-0.194507,-0.294065,-0.131288,-0.801493,-0.231149,0.407873,-0.405290,-0.041805,0.483397,1.040490
-0.222681,-0.858886,-0.393169,-0.580261,0.746433,0.201246,0.697946,0.803192,-0.385784,-0.627774,1.245339
-0.641303,0.191963,0.706990,0.147022,-0.477438,0.033322,-0.591296,0.677258,-0.026304,0.123786,-1.543532
-0.809554,0.299642,-0.745672,0.715179,0.407345,-0.019074,-0.696107,-0.560050,0.578939,0.095268,0.013590
-0.653836,-0.533577,-0.521435,0.898678,0.720752,0.349091,0.520753,0.195911,-0.509393,0.473082,0.158826
-0.109159,-0.687148,-0.341514,0.095173,0.458011,0.427192,-0.566015,0.384777,0.446982,0.424080,0.190792
-0.688437,0.070789,-0.433755,0.768909,0.212533,-0.475921,-0.745182,0.007668,0.953255,0.323213,-0.059878
0.794006,0.742251,-0.777103,0.360730,-0.622872,0.548653,0.562690,0.628482,0.180369,-0.626022,-0.396314
-0.473643,0.947381,-0.366974,-0.583801,0.005153,-0.543191,-0.093583,0.420262,0.409201,-0.438936,0.539374
0.671687,0.974006,-0.985947,-0.807205,-0.353889,0.694403,0.863998,-0.943076,0.878413,-0.074343,2.042726
0.704609,0.858541,0.704078,0.030088,0.357243,0.193578,-0.841245,0.805203,0.582412,0.016817,-1.795469
-0.782318,0.395403,0.297894,0.786755,0.192063,0.920959,0.543640,-0.518968,-0.283934,0.365745,-0.849454
0.656777,-0.126022,0.747032,-0.993830,0.914282,-0.268785,0.452957,-0.477399,-0.867014,0.356034,0.777495
0.564948,0.855833,0.694653,-0.530009,-0.366397,0.006095,-0.294810,-0.591653,-0.475625,0.944336,-0.642690
0.443618,0.341036,-0.018887,-0.103686,-0.970442,0.656507,-0.545346,-0.749191,-0.743196,-0.182866,-1.138094
0.388423,-0.623302,-0.914302,-0.521742,-0.116983,-0.771862,0.969699,0.297791,-0.575169,-0.246162,2.095922
-0.389274,0.243876,-0.207911,0.197092,0.019006,0.310836,-0.048314,-0.881648,0.580681,0.547069,0.511035
0.339939,0.383996,-0.315422,0.107107,-0.395755,0.025220,0.013181,0.728707,0.599822,0.756374,0.054677
-0.664205,-0.103586,-0.328176,0.969185,0.234643,0.100398,-0.291810,0.931811,-0.919557,0.790800,-1.278576
0.503406,0.366611,0.321835,0.303751,0.283619,-0.871446,0.884131,-0.677155,0.586944,0.099997,0.901860
-0.346909,-0.089204,0.251340,0.662021,-0.765472,0.175664,-0.173453,-0.154442,0.208345,-0.973341,-1.192209
0.295918,0.010623,0.088246,-0.006556,0.079606,-0.920940,0.869379,-0.796377,0.153585,0.070431,1.375331
-0.239580,0.681639,-0.358310,-0.665884,-0.472339,-0.411617,0.629073,0.603047,0.220482,-0.529592,0.911089
-0.246983,0.957380,0.225776,0.628252,-0.491220,0.592002,0.288102,-0.658565,-0.361255,0.763341,-1.056915
-0.271377,0.712299,0.932197,0.590157,0.481547,-0.362162,0.978750,-0.709291,-0.300785,0.648703,-0.315606
0.664018,0.899992,0.556242,-0.233029,-0.005606,0.774483,0.702721,0.138013,0.546404,-0.523275,-0.506014
-0.499017,-0.899743,0.119003,-0.662263,-0.713528,0.438729,0.869658,-0.363509,-0.377960,0.910779,1.504069
-0.501423,0.932020,0.348659,-0.247650,-0.378259,-0.717322,-0.375746,0.664930,0.332484,0.662768,-0.421571
0.025703,0.823313,-0.802674,0.627589,0.547234,0.681064,-0.875800,0.797801,0.919918,-0.214542,-1.071877
-0.550213,-0.211968,-0.754086,-0.991710,0.096183,0.399792,0.849520,0.297625,-0.286667,-0.069256,1.927549
0.442004,0.925501,-0.785855,-0.753797,-0.229037,-0.451713,-0.590035,0.488629,-0.718384,-0.780461,-0.180325
0.637563,0.292133,-0.555666,-0.976674,-0.687787,-0.591534,0.691569,0.604408,-0.683537,0.798680,1.426098
-0.839270,0.326260,0.325705,-0.507235,0.712666,0.209490,0.908871,-0.255504,0.806393,-0.053014,1.359468
0.883683,0.335805,-0.865237,0.432366,-0.966400,-0.728875,-0.283808,0.632602,0.202719,0.807153,0.021623
0.707831,0.507812,0.749996,0.926929,-0.085947,0.442051,-0.268138,-0.660537,0.576782,-0.368605,-1.791497
0.189279,-0.115090,0.313268,-0.289608,0.123347,0.582590,0.342559,-0.960307,-0.483380,0.183399,0.245141
0.311694,-0.050945,0.337209,-0.463375,-0.175455,-0.956944,0.440060,0.137480,0.890932,-0.228769,1.158671
-0.105019,-0.586495,-0.258096,0.727565,-0.328658,0.237355,-0.501236,0.211962,-0.672821,0.900444,-0.879600
0.405910,0.537937,0.841596,-0.635414,0.841620,0.009672,-0.751712,0.765698,0.720424,-0.561405,-0.928926
0.346721,0.436986,-0.295821,0.369986,0.385355,0.139173,-0.519923,-0.572737,0.885591,0.170857,-0.033779
0.304544,-0.965385,0.799135,-0.240424,-0.113516,-0.239971,0.502254,-0.635841,0.204607,-0.925789,0.538221
0.595228,0.098846,-0.486323,0.378984,0.563427,0.616090,0.178667,-0.852152,0.442547,0.241275,0.520537
0.633435,-0.710587,0.021924,-0.563899,0.590463,-0.293256,-0.390347,0.222971,-0.631536,0.385811,0.425222
0.082568,-0.903715,-0.485417,0.969014,0.551223,-0.748990,-0.987738,0.730814,-0.626829,0.708355,-0.751181
0.978551,-0.822902,0.128354,-0.330306,0.277439,-0.962526,0.416773,0.996238,-0.684094,0.285086,0.633008
0.831700,-0.759290,0.157068,-0.808952,0.695568,-0.843240,0.752826,-0.775599,0.134492,-0.025816,2.312006
-0.329418,-0.449839,-0.177709,0.094908,-0.520928,0.518714,-0.711695,0.806933,0.267908,-0.265511,-0.816426
-0.395975,0.584707,0.242437,-0.569837,-0.320073,0.812692,-0.012146,0.616074,-0.577487,-0.318227,-0.944405
0.820695,0.229280,0.471114,0.712769,0.606129,-0.429849,-0.921606,-0.149107,-0.994644,0.015348,-2.049603
-0.800042,0.048998,-0.992111,-0.746498,0.730541,-0.944091,-0.192574,0.036673,0.004923,0.303451,2.084987
0.983428,0.635084,-0.786386,0.154815,0.984650,-0.966339,0.358680,-0.890809,0.751925,-0.907692,1.469002
-0.128497,0.851908,-0.873359,-0.133158,-0.818516,-0.279178,-0.246573,0.133117,0.238093,0.728234,0.473524
-0.186393,-0.904278,-0.577223,0.820788,-0.233617,0.593193,0.015341,0.907557,0.620240,-0.259390,-0.230105
0.023689,-0.299291,0.230406,0.126704,0.596410,0.764983,-0.167072,0.418289,-0.846041,-0.082132,-1.091725
-0.721737,-0.380513,0.073184,-0.095884,-0.793690,-0.512285,-0.064066,-0.622937,0.967146,0.710822,1.188798
-0.130295,0.063810,0.611249,0.296174,-0.264647,0.942781,0.993273,-0.033380,0.352210,0.310110,-0.254255
0.698917,0.192278,0.481790,-0.499855,-0.979418,-0.029431,-0.196081,0.354855,-0.553708,0.798237,-0.669756
0.389176,0.636096,-0.853065,0.748111,-0.541025,0.786916,-0.756279,-0.441989,-0.136859,0.219712,-1.200591
0.489034,0.420524,0.972505,-0.281845,0.175487,0.906738,-0.784784,-0.779235,-0.848071,-0.371388,-1.985949
-0.196616,-0.266276,-0.110725,-0.681857,0.842737,0.505147,-0.619479,0.367953,-0.937231,-0.964706,-0.486023
-0.018850,0.361503,-0.343719,-0.657737,-0.097663,-0.476045,0.899188,-0.983423,0.682617,-0.559492,2.149613
-0.157843,0.512541,-0.087512,-0.382826,-0.162267,0.818988,0.933085,0.798941,-0.628942,0.274801,-0.023906
0.977285,-0.632417,0.559138,0.269120,-0.603268,-0.552578,-0.641771,-0.383352,0.002634,0.107675,-0.733744
0.278113,0.255264,-0.991487,-0.213038,0.808876,0.037496,0.086971,0.092634,-0.537056,0.081035,0.820594
0.184548,0.505138,0.046473,-0.656681,-0.238819,-0.454299,-0.942448,0.007809,-0.599232,0.335141,-0.475197
0.468957,-0.135501,0.164291,0.451371,-0.019866,-0.245837,-0.676269,-0.432365,-0.112674,0.183976,-0.794704
-0.514854,-0.447925,-0.571863,0.163108,0.254142,0.423859,0.667160,-0.877902,-0.398058,0.144735,1.169133
-0.708375,-0.405851,-0.943845,-0.221467,-0.508953,-0.795507,-0.434502,-0.368346,-0.446912,0.018591,1.123618
0.589188,-0.698754,0.251154,-0.322116,-0.479018,0.711331,0.473726,-0.301662,-0.389000,-0.601465,0.058358
-0.404875,0.462205,0.336316,0.986335,0.438990,0.400426,0.838763,-0.325217,-0.881170,0.039983,-1.074620
0.519628,-0.565101,0.610030,-0.428013,-0.443662,-0.266467,-0.202477,0.560431,-0.160895,0.174956,-0.295909
0.710961,-0.890338,0.488050,0.473030,0.514028,0.747795,0.095768,-0.097189,0.869912,0.391383,-0.104953
-0.641234,-0.146688,0.950653,-0.808294,-0.171993,-0.800906,0.600755,0.373647,-0.906616,0.056977,0.309723
0.779679,-0.447520,0.833787,0.944822,0.584012,0.575693,-0.806246,0.141149,-0.378377,-0.096124,-2.448593
-0.390419,0.398358,0.118011,0.530868,0.896113,-0.387723,0.164414,-0.864857,0.339070,-0.039187,0.250456
0.982702,-0.849841,0.167040,-0.918487,0.953343,-0.405246,0.489016,0.220424,0.887744,0.797153,2.273615
-0.813301,-0.369853,0.365659,-0.762691,-0.856933,0.109234,0.730418,0.414889,0.522254,-0.310259,1.001463
0.644701,0.775664,-0.228354,0.012471,0.516459,-0.174681,-0.638461,-0.085120,0.152286,-0.504553,-0.595578
0.470188,-0.539163,-0.757072,-0.965847,0.592418,-0.317572,-0.176321,0.533607,-0.299464,0.826041,1.708823
0.738146,0.213705,0.464504,0.888244,0.858988,0.059483,0.481228,-0.944576,0.836594,-0.210839,-0.163987
0.753834,0.499838,-0.856188,0.880668,0.172849,0.757938,0.708216,0.268877,0.286873,-0.005308,-0.146132
-0.599146,0.019400,-0.262513,0.055279,-0.819190,0.394781,0.674948,0.301804,0.517427,-0.858115,0.310147
0.843092,0.999601,-0.413181,-0.947312,-0.676588,0.872591,-0.442077,0.099144,0.404852,-0.684422,-0.269201
-0.347455,0.138317,0.192617,-0.766044,0.425347,-0.898749,-0.623922,-0.071696,0.576241,0.505422,0.959576
0.027623,-0.521494,0.623975,-0.969987,-0.925835,-0.699954,-0.937117,0.904583,0.327159,-0.897425,-0.419284
-0.845892,0.834810,-0.467349,0.772003,-0.649747,0.556473,-0.390256,0.050350,0.161560,0.121618,-1.195791
-0.455790,0.840393,-0.274910,-0.892552,0.246881,0.279348,0.965685,0.117143,-0.554182,0.967451,1.305644
0.653170,0.001234,0.440829,-0.630578,-0.499932,-0.822230,-0.615224,0.156487,0.578644,0.607195,0.280279
-0.495393,0.560593,-0.789842,-0.381278,0.863515,-0.937250,-0.066413,-0.188825,0.457231,0.758626,1.840415
-0.825157,0.923896,0.242258,0.187458,0.257263,0.308882,-0.614602,0.952219,0.100298,-0.143219,-1.613161
-0.104472,-0.004631,0.211092,-0.914631,-0.600280,-0.404480,0.309579,-0.018204,0.458888,0.081815,1.203629
0.764339,-0.653811,0.262094,-0.753386,-0.757294,0.383822,0.499679,0.790705,-0.386134,0.268950,0.310452
-0.128197,0.406357,-0.045702,0.598958,0.013957,0.933087,0.372158,0.024109,-0.536221,0.502498,-0.946483
0.851812,0.792062,0.424338,0.544798,0.112131,0.559818,-0.745963,-0.315954,-0.014129,0.503027,-1.887865
-0.679512,-0.036784,0.049519,0.060384,0.267193,0.881574,-0.602209,-0.586986,0.694964,-0.155738,-0.272374
-0.868525,0.359807,-0.605817,-0.177037,-0.473116,0.747890,0.504613,0.670058,0.160326,0.136903,0.413517
-0.470015,-0.347917,0.965206,-0.492557,0.438814,0.905742,-0.503226,-0.084479,-0.620635,-0.089648,-1.113557
0.339677,0.705129,0.015689,0.217394,0.893098,-0.910627,-0.822099,-0.251801,0.974831,0.620381,0.097784
-0.503816,-0.684410,-0.062118,-0.365476,0.989460,-0.144078,-0.768611,0.438584,0.977240,0.988023,1.014167
0.062566,0.512030,0.629836,-0.997374,-0.509840,-0.309236,-0.939534,0.098288,0.692330,0.828252,-0.057441
0.804498,0.330624,0.155381,0.294242,-0.657837,0.121028,0.440118,-0.488849,-0.703856,-0.519610,-0.797407
-0.271493,-0.659245,-0.669307,-0.387196,-0.988631,-0.106541,0.943713,0.287873,-0.277495,0.848119,1.793462
-0.050852,-0.625925,0.946579,-0.695458,0.197494,0.631402,0.056457,-0.010103,0.212932,0.245894,0.116110
0.244111,-0.872499,-0.924848,-0.058526,-0.914207,0.447550,0.866364,-0.042185,-0.411871,0.459088,1.417251
-0.458300,-0.701558,-0.107144,-0.475188,0.707187,0.390262,-0.930287,0.300618,-0.851123,0.625446,-0.175609
-0.137475,-0.794985,-0.228860,-0.031297,-0.963669,0.981691,0.001125,-0.526763,-0.501213,-0.747277,-0.254317
0.597602,0.715547,0.920179,0.442420,0.796459,-0.547659,-0.471186,0.607725,-0.246785,0.911873,-1.650859
0.142644,0.550580,0.075260,0.128928,-0.420039,-0.851928,0.300540,-0.044614,-0.231398,0.649380,0.132128
0.278175,0.725315,-0.844629,0.264163,-0.793676,-0.052288,0.474498,-0.277902,-0.514936,-0.496961,0.036070
-0.003292,-0.724746,-0.376368,-0.274861,0.491173,-0.609007,-0.106576,-0.839347,0.235814,-0.844372,1.422099
0.231854,0.464109,0.606186,0.741351,-0.227504,0.137520,-0.768846,-0.971746,-0.992109,-0.510525,-2.359027
-0.712048,0.395043,-0.947460,-0.754454,0.810517,0.332491,-0.518052,0.404327,0.024632,0.235875,0.930274
0.531843,0.390840,0.286117,0.490074,0.507624,-0.287503,0.843100,-0.911805,0.199380,0.903320,0.616304
-0.734829,0.231602,-0.014846,0.535044,-0.516819,0.029409,-0.537683,-0.700439,0.123311,-0.858789,-0.918400
0.626255,0.397467,-0.420410,0.622108,0.341183,-0.211959,0.876664,-0.010482,-0.921263,0.593994,0.073117
-0.010765,-0.005351,-0.426842,0.673496,0.320594,0.620624,0.635352,-0.261487,-0.235763,0.309949,0.094203
0.060826,0.711660,0.553547,-0.058287,0.501080,0.409422,0.684332,-0.575669,0.925858,0.293344,0.424412
0.453972,0.684032,0.883536,0.979514,0.017492,-0.625178,0.387641,-0.813707,-0.577710,-0.210785,-1.453571
-0.886250,-0.402741,0.650076,-0.910056,0.716320,0.786728,0.925275,0.113561,0.560980,0.810854,1.527814
0.744788,0.226435,-0.924375,0.594750,0.493128,-0.475191,0.604264,0.326492,-0.384797,-0.761866,0.305500
-0.145001,0.822207,0.139040,-0.107894,0.995717,-0.034266,-0.037705,0.803399,-0.774869,0.458257,-0.749333
-0.682285,-0.420425,0.136708,-0.458275,0.504508,-0.921631,-0.484670,-0.620640,0.516900,-0.796900,1.016232
0.176267,-0.266750,0.152860,-0.718504,0.603998,-0.971413,0.951797,-0.355071,0.879328,-0.874426,2.245959
0.900863,0.200675,0.401188,0.544471,-0.078848,0.311149,0.061857,0.152022,0.563785,-0.007585,-0.942769
-0.421547,0.091500,-0.461856,-0.765738,0.656666,0.035479,-0.408656,-0.794490,0.232110,-0.838519,1.105083
-0.505440,0.731823,0.532992,-0.791173,0.768261,-0.635266,0.590222,0.494509,0.081494,0.049914,0.748403
0.814576,-0.458107,-0.118549,-0.489297,-0.883287,0.693362,0.365740,-0.060718,-0.874156,-0.593613,-0.104707
0.813059,-0.113177,0.389760,0.913439,-0.739048,-0.601542,-0.026862,0.704926,-0.627636,0.609872,-1.528630
0.250168,-0.603540,-0.904919,0.504688,0.215421,-0.751545,-0.339126,0.268420,0.023187,-0.473503,0.463594
-0.344135,0.891277,0.822701,0.890753,0.280843,-0.133038,0.610000,-0.814586,-0.979664,0.615531,-1.289716
0.818069,-0.771519,0.326225,-0.718249,0.227217,-0.016468,-0.993569,0.914665,-0.498634,-0.831422,-0.859846
0.547402,0.609479,0.173321,-0.090411,0.576751,-0.389226,-0.353666,-0.368377,-0.883895,0.372449,-0.579012
-0.916363,0.425981,0.784317,-0.314937,0.107042,0.691856,0.654519,0.191572,0.981651,0.714953,0.333686
0.621103,-0.129577,0.252929,-0.157317,-0.183569,0.330556,-0.643943,0.394464,-0.579496,0.540760,-1.051261
-0.146704,-0.979076,-0.309798,-0.322329,-0.314867,-0.601903,0.019923,-0.817883,0.281506,0.049637,1.713044
0.277926,0.109500,0.515898,-0.264871,0.054610,-0.949171,-0.778051,0.570565,0.649917,-0.604182,-0.503736
-0.832132,0.783489,0.789753,-0.793568,-0.810017,-0.445369,0.589974,-0.693387,-0.827735,-0.130894,0.106817
-0.857887,0.065179,-0.503002,0.076702,0.949528,0.715783,0.067699,-0.263329,-0.837744,0.893119,0.299448
-0.030163,0.894875,-0.165010,0.034960,0.966860,0.060937,0.405310,0.917038,-0.255103,0.510465,-0.167828
0.004987,-0.250134,0.558783,-0.999207,0.850378,-0.076418,-0.745747,-0.374912,0.641206,0.843668,0.870466
-0.844590,0.310132,0.075414,0.212471,-0.485265,-0.292196,0.870883,-0.379788,0.243949,-0.205984,0.602661
-0.077385,-0.855371,0.859283,0.626163,-0.259759,0.500871,0.407079,0.230765,0.235132,0.644662,-0.650885
0.771280,-0.353629,-0.543854,0.643240,0.909197,-0.811997,0.974921,-0.818056,0.909150,0.353155,2.076095
-0.628984,-0.836380,-0.129510,0.959780,0.338171,0.263011,0.243421,-0.402147,0.153433,0.299653,0.159688
0.860335,-0.925444,-0.797524,-0.753409,0.676564,0.423141,-0.213557,-0.026270,0.966204,0.239294,2.007519
0.898676,0.285503,-0.533782,0.970246,-0.989896,-0.089382,-0.164701,-0.986665,-0.418682,0.016052,-0.800269
0.831875,-0.450024,0.442513,-0.024826,-0.165111,-0.423457,-0.942719,0.006563,0.699491,-0.676261,-0.650570
-0.645461,0.588101,0.995080,-0.287261,-0.814074,0.259063,-0.341268,0.986146,-0.273431,0.809367,-1.619446
0.305092,-0.687464,0.358618,-0.855644,-0.655706,0.548434,-0.988942,-0.174804,0.576736,-0.284376,-0.105715
0.164586,-0.201322,0.555994,0.127321,-0.955590,-0.733370,0.821535,0.258058,-0.471322,-0.203489,-0.132695
0.481396,-0.157580,0.046124,0.626558,0.913138,-0.490276,-0.170357,-0.920668,0.302331,-0.834872,-0.029566
0.000058,-0.925754,-0.311969,0.233688,0.594447,0.793818,0.132283,-0.284494,0.373844,-0.498946,0.522723
0.577430,0.559215,-0.969942,-0.891535,-0.565318,0.658794,0.320317,-0.966995,-0.477265,0.040465,1.266948
0.145557,0.472912,0.513336,-0.120992,0.190206,0.812533,-0.507785,-0.651000,-0.834831,0.102638,-1.393031
0.338104,0.708526,0.082812,-0.872715,-0.031594,0.075576,0.148074,-0.975217,-0.963878,0.865373,0.554143
0.279175,0.637299,-0.206508,0.929413,0.097479,-0.248735,0.960179,0.902902,-0.510334,0.549271,-0.593611
0.922303,0.387909,-0.050330,-0.066430,0.200186,0.175418,0.415758,0.546537,-0.461108,0.172725,-0.301847
-0.792229,-0.072294,0.653362,-0.689179,-0.542553,0.968837,0.854176,-0.472815,0.075477,-0.634979,0.372408
-0.928142,0.471794,0.265936,-0.457460,-0.335315,0.794956,-0.273725,-0.177026,-0.430391,0.632072,-0.521654
0.425874,-0.473922,-0.049884,0.697242,-0.397293,0.569883,0.711529,-0.445127,-0.271949,-0.274729,-0.245946
0.263030,-0.720258,-0.194258,-0.226085,-0.556895,-0.267511,0.734472,-0.826946,-0.755562,0.431574,1.307053
0.097602,0.153695,0.203411,-0.889974,-0.093594,0.886160,-0.419775,-0.878853,0.047328,0.691945,0.354752
-0.582518,0.975531,-0.579029,0.039813,-0.000747,-0.109814,-0.429244,0.041896,0.982842,0.000986,0.230440
-0.950889,-0.669751,0.029012,0.291424,-0.828663,-0.608619,-0.788152,0.118531,0.148177,0.209101,-0.277516
0.911973,-0.022021,0.267916,-0.666398,0.150569,-0.003645,-0.144190,0.583291,-0.522324,-0.758406,-0.466999
-0.372035,0.358209,-0.804025,-0.567410,0.871663,0.324256,-0.196538,-0.979013,-0.599202,-0.783318,0.847740
-0.447516,-0.534914,0.110751,-0.096158,0.057940,0.671721,0.763238,0.395863,-0.427848,0.604714,0.403150
0.080422,0.252722,-0.647889,0.933489,0.992275,-0.740819,-0.633812,0.542440,-0.674645,0.242260,-0.843079
0.293710,0.642456,0.217284,-0.401152,0.218056,-0.899843,-0.211418,-0.378444,0.360671,-0.390147,0.340763
0.724581,0.499444,-0.749558,0.513477,-0.660823,0.461157,0.458527,-0.001578,0.077322,0.709291,0.053253
0.373120,0.731787,0.986145,-0.389952,0.227463,-0.349694,0.015847,-0.114109,-0.562009,0.697820,-0.695203
0.846990,0.453499,-0.840231,0.392264,-0.150409,-0.625119,-0.378155,-0.326906,0.219723,0.245331,0.273197
-0.183687,-0.708757,-0.206000,-0.926516,0.786964,0.909346,0.873505,-0.941679,-0.805094,-0.195982,1.734038
-0.286888,-0.246697,0.019831,-0.138434,0.904560,-0.475799,0.876117,0.655944,-0.872813,0.120447,0.703103
0.707875,0.681711,0.407120,-0.719367,-0.901322,-0.589891,-0.596736,-0.609804,0.802271,0.041479,0.136744
0.345717,0.366181,-0.987115,0.972562,0.807464,0.052534,0.566274,0.402037,-0.076619,0.831936,0.329385
-0.067480,0.960826,-0.471148,0.323533,-0.578840,0.715599,0.598820,-0.289368,0.966259,0.308163,0.314166
-0.896228,0.819309,-0.219819,0.293100,-0.798745,-0.908916,0.319512,0.999009,-0.362586,-0.027299,-0.442019
0.028181,0.198589,0.254411,-0.229786,-0.977558,0.190669,-0.105873,0.484294,0.695421,0.857549,-0.112448
0.464748,-0.110378,-0.855271,-0.424055,-0.521482,-0.367078,-0.130247,-0.482175,-0.954940,-0.312083,0.698985
0.161615,-0.237018,0.480344,-0.543186,-0.192638,0.923485,-0.609038,-0.943880,0.596570,-0.387555,-0.188782
-0.514513,-0.848887,0.545861,0.508970,-0.645901,0.418610,-0.694080,0.111373,-0.950426,0.496741,-1.669854
-0.516217,-0.450437,-0.401692,0.358851,-0.773937,-0.631908,0.349922,-0.243380,-0.999500,0.832519,0.506573
0.931371,0.544984,0.438998,0.199771,0.734167,0.312579,0.181454,-0.750238,0.533589,-0.594733,-0.384270
0.991289,-0.665299,0.813008,-0.893227,-0.152042,-0.642967,-0.482595,-0.832385,-0.216500,-0.590921,0.270663
-0.566590,0.898806,-0.333124,0.898884,0.365668,0.289376,-0.000299,-0.003653,0.540369,-0.388438,-0.786692
-0.068997,-0.369654,-0.436612,-0.086472,-0.369379,0.723672,-0.403107,-0.083281,0.030798,-0.893776,-0.262759
-0.052165,0.661382,-0.808471,-0.518882,0.444765,-0.545557,-0.544870,-0.789598,0.428344,0.357021,1.360378
